ActualToolName,BinaryToolValue,Diameter,DiameterOffset,DrillBitType,EntrySpeed,Face,Face1Offset,Face1ToolName,Face2Offset,Face2ToolName,Face3Offset,Face3ToolName,Face4Offset,Face4ToolName,FeedSpeed,HDrillActualToolDiameter,HDrillBitType,HeightOffset,IsAssociative,LinkID,LinkIDCategory,LinkIDPart,LinkIDWorkOrder,MachineUse,MacroString,MaxX,MaxY,MinX,MinY,Modified,Name,NoDowel,PeckingNumber,ReferenceFace,Rotation,RotationSpeed,Sequence,ToolNumber,ToolPriorityNumber,ToolType,X,Y,Z,ID,
,0,0.31496,0,0,0,3,,,,,,,,,0,0,0,0,True,238VOQBLX4C10,,238VOQ8SZ61F3,238VOPSEPRUE,0,NULL,0,0,0,0,False,,False,0,0,0,0,0,,0,2,0.8268,1.4567,0.39,a3e52151-8d46-40f0-bf06-06af22d847c3
,0,0.31496,0,0,0,3,,,,,,,,,0,0,0,0,True,238VOQBLX4F10,,238VOQ8SZ61F3,238VOPSEPRUE,0,NULL,0,0,0,0,False,,False,0,0,0,0,0,,0,2,0.8268,1.4567,0.39,ee01a062-3f60-44ba-9ac3-06af22d847c3
,0,0.31496,0,0,0,4,,,,,,,,,0,0,0,0,True,238VOQBOXCU10,,238VOQ8SZ61F3,238VOPSEPRUE,0,NULL,0,0,0,0,False,,False,0,0,0,0,0,,0,2,0.8268,1.4567,0.39,ff7dcc49-b8b4-4a8b-af68-06af22d8d1c4
,0,0.31496,0,0,0,4,,,,,,,,,0,0,0,0,True,238VOQBOXCX10,,238VOQ8SZ61F3,238VOPSEPRUE,0,NULL,0,0,0,0,False,,False,0,0,0,0,0,,0,2,0.8268,1.4567,0.39,4216c9af-7342-497c-b456-06af22d8d1c4
,0,0.19685,0,0,0,3,,,,,,,,,0,0,0,0,True,238VOQBOXDL10,,238VOQ8SZ61F3,238VOPSEPRUE,0,NULL,0,0,0,0,False,,False,0,0,0,0,0,,0,2,1.25,2.5197,0.39,90c5a017-2c88-4c1d-87c6-06af22d8d244
,0,0.19685,0,0,0,3,,,,,,,,,0,0,0,0,True,238VOQBOXDO10,,238VOQ8SZ61F3,238VOPSEPRUE,0,NULL,0,0,0,0,False,,False,0,0,0,0,0,,0,2,1.25,22.6773,0.39,fa9e681a-dfcb-4938-bfbc-06af22d8d244
,0,0.19685,0,0,0,3,,,,,,,,,0,0,0,0,True,238VOQBOXDR10,,238VOQ8SZ61F3,238VOPSEPRUE,0,NULL,0,0,0,0,False,,False,0,0,0,0,0,,0,2,1.25,7.559099999999999,0.39,7f88734a-7da0-4dea-b1be-06af22d8d244
,0,0.19685,0,0,0,3,,,,,,,,,0,0,0,0,True,238VOQBOXDU10,,238VOQ8SZ61F3,238VOPSEPRUE,0,NULL,0,0,0,0,False,,False,0,0,0,0,0,,0,2,1.25,12.598499999999998,0.39,61cf55dd-1810-45ac-8131-06af22d8d244
,0,0.19685,0,0,0,3,,,,,,,,,0,0,0,0,True,238VOQBOXDX10,,238VOQ8SZ61F3,238VOPSEPRUE,0,NULL,0,0,0,0,False,,False,0,0,0,0,0,,0,2,1.25,17.6379,0.39,eec1236a-fba4-4f3f-b337-06af22d8d244
,0,0.19685,0,0,0,4,,,,,,,,,0,0,0,0,True,238VOQBOXEU10,,238VOQ8SZ61F3,238VOPSEPRUE,0,NULL,0,0,0,0,False,,False,0,0,0,0,0,,0,2,1.25,2.5197,0.39,63c5141e-c1aa-405b-aa85-06af22d8d344
,0,0.19685,0,0,0,4,,,,,,,,,0,0,0,0,True,238VOQBOXEX10,,238VOQ8SZ61F3,238VOPSEPRUE,0,NULL,0,0,0,0,False,,False,0,0,0,0,0,,0,2,1.25,22.6773,0.39,aa0107b7-d7de-4e35-b85e-06af22d8d344
,0,0.19685,0,0,0,4,,,,,,,,,0,0,0,0,True,238VOQBOXF010,,238VOQ8SZ61F3,238VOPSEPRUE,0,NULL,0,0,0,0,False,,False,0,0,0,0,0,,0,2,1.25,7.559099999999999,0.39,c36a6087-9bdc-4a94-b982-06af22d8d344
,0,0.19685,0,0,0,4,,,,,,,,,0,0,0,0,True,238VOQBOXF310,,238VOQ8SZ61F3,238VOPSEPRUE,0,NULL,0,0,0,0,False,,False,0,0,0,0,0,,0,2,1.25,12.598499999999998,0.39,7b3e5bca-411f-4c6f-9f93-06af22d8d344
,0,0.19685,0,0,0,4,,,,,,,,,0,0,0,0,True,238VOQBOXF610,,238VOQ8SZ61F3,238VOPSEPRUE,0,NULL,0,0,0,0,False,,False,0,0,0,0,0,,0,2,1.25,17.6379,0.39,989e11a6-6ea9-40e7-814a-06af22d8d344
,0,0.19685,0,0,0,2,,,,,,,,,0,0,0,0,True,238VOQBOXG010,,238VOQ8SZ61F3,238VOPSEPRUE,0,NULL,0,0,0,0,False,,False,0,0,0,0,0,,0,2,2.5197,1.25,0.39,b5a77839-e249-4bfb-a8ca-06af22d8d4c5
,0,0.19685,0,0,0,2,,,,,,,,,0,0,0,0,True,238VOQBOXG310,,238VOQ8SZ61F3,238VOPSEPRUE,0,NULL,0,0,0,0,False,,False,0,0,0,0,0,,0,2,31.9503,1.25,0.39,4c44a137-4845-497f-a4e7-06af22d8d4c5
,0,0.19685,0,0,0,2,,,,,,,,,0,0,0,0,True,238VOQBOXG610,,238VOQ8SZ61F3,238VOPSEPRUE,0,NULL,0,0,0,0,False,,False,0,0,0,0,0,,0,2,12.3299,1.25,0.39,4efd89ca-3a7d-4ca5-8272-06af22d8d4c5
,0,0.19685,0,0,0,2,,,,,,,,,0,0,0,0,True,238VOQBOXG910,,238VOQ8SZ61F3,238VOPSEPRUE,0,NULL,0,0,0,0,False,,False,0,0,0,0,0,,0,2,22.1401,1.25,0.39,167263a1-9701-4ec8-bb3a-06af22d8d4c5
,0,0.31496,0,0,0,3,,,,,,,,,0,0,0,0,True,238VOQBOXGU10,,238VOQ8SZ61F7,238VOPSEPRUE,0,NULL,0,0,0,0,False,,False,0,0,0,0,0,,0,2,0.8268,1.4567,0.39,6df237ed-5c4a-4d02-a5f6-06af22d8d744
,0,0.31496,0,0,0,3,,,,,,,,,0,0,0,0,True,238VOQBOXGX10,,238VOQ8SZ61F7,238VOPSEPRUE,0,NULL,0,0,0,0,False,,False,0,0,0,0,0,,0,2,0.8268,3.58267007874016,0.39,f2d37e8f-72b4-44f8-8205-06af22d8d744
,0,0.31496,0,0,0,4,,,,,,,,,0,0,0,0,True,238VOQBOXHC10,,238VOQ8SZ61F7,238VOPSEPRUE,0,NULL,0,0,0,0,False,,False,0,0,0,0,0,,0,2,0.8268,1.4567,0.39,c6d0a822-fb07-4df2-80c8-06af22d8d7c3
,0,0.31496,0,0,0,4,,,,,,,,,0,0,0,0,True,238VOQBOXHF10,,238VOQ8SZ61F7,238VOPSEPRUE,0,NULL,0,0,0,0,False,,False,0,0,0,0,0,,0,2,0.8268,3.58267007874016,0.39,67a37a2f-f751-4329-91e7-06af22d8d7c3
,0,0.19685,0,0,0,3,,,,,,,,,0,0,0,0,True,238VOQBOXHU10,,238VOQ8SZ61F7,238VOPSEPRUE,0,NULL,0,0,0,0,False,,False,0,0,0,0,0,,0,2,1.25,2.5196700787401602,0.39,46ca82d0-ffe1-4413-8a8a-06af22d8d843
,0,0.19685,0,0,0,3,,,,,,,,,0,0,0,0,True,238VOQBOXHX10,,238VOQ8SZ61F7,238VOPSEPRUE,0,NULL,0,0,0,0,False,,False,0,0,0,0,0,,0,2,1.25,2.5197000000000003,0.39,ac163dc9-aa08-49f2-abb3-06af22d8d843
,0,0.19685,0,0,0,4,,,,,,,,,0,0,0,0,True,238VOQBOXIC10,,238VOQ8SZ61F7,238VOPSEPRUE,0,NULL,0,0,0,0,False,,False,0,0,0,0,0,,0,2,1.25,2.5196700787401602,0.39,d552b852-6ae1-4516-b156-06af22d8d8c5
,0,0.19685,0,0,0,4,,,,,,,,,0,0,0,0,True,238VOQBOXIF10,,238VOQ8SZ61F7,238VOPSEPRUE,0,NULL,0,0,0,0,False,,False,0,0,0,0,0,,0,2,1.25,2.5197000000000003,0.39,0e7575d9-8902-4814-9df0-06af22d8d8c5
,0,0.31496,0,0,0,3,,,,,,,,,0,0,0,0,True,238VOQBOXIW10,,238VOQ8SZ61F8,238VOPSEPRUE,0,NULL,0,0,0,0,False,,False,0,0,0,0,0,,0,2,0.8268,1.4567,0.39,cf31b825-ff67-4db9-9898-06af22d8d9c4
,0,0.31496,0,0,0,3,,,,,,,,,0,0,0,0,True,238VOQBOXIZ10,,238VOQ8SZ61F8,238VOPSEPRUE,0,NULL,0,0,0,0,False,,False,0,0,0,0,0,,0,2,0.8268,3.58267007874016,0.39,915dc1a9-416a-46ff-81cc-06af22d8d9c4
,0,0.31496,0,0,0,4,,,,,,,,,0,0,0,0,True,238VOQBOXJM10,,238VOQ8SZ61F8,238VOPSEPRUE,0,NULL,0,0,0,0,False,,False,0,0,0,0,0,,0,2,0.8268,1.4567,0.39,a9ef27d0-0cb7-45c3-bb13-06af22d8da44
,0,0.31496,0,0,0,4,,,,,,,,,0,0,0,0,True,238VOQBOXJP10,,238VOQ8SZ61F8,238VOPSEPRUE,0,NULL,0,0,0,0,False,,False,0,0,0,0,0,,0,2,0.8268,3.58267007874016,0.39,5bb756b8-28fc-4e1c-a485-06af22d8da44
,0,0.19685,0,0,0,3,,,,,,,,,0,0,0,0,True,238VOQBOXKC10,,238VOQ8SZ61F8,238VOPSEPRUE,0,NULL,0,0,0,0,False,,False,0,0,0,0,0,,0,2,1.25,2.5196700787401602,0.39,048603b0-ed50-4761-953f-06af22d8dac4
,0,0.19685,0,0,0,3,,,,,,,,,0,0,0,0,True,238VOQBOXKF10,,238VOQ8SZ61F8,238VOPSEPRUE,0,NULL,0,0,0,0,False,,False,0,0,0,0,0,,0,2,1.25,2.5197000000000003,0.39,5bb131f6-9523-4cc1-84cf-06af22d8dac4
,0,0.19685,0,0,0,4,,,,,,,,,0,0,0,0,True,238VOQBOXL210,,238VOQ8SZ61F8,238VOPSEPRUE,0,NULL,0,0,0,0,False,,False,0,0,0,0,0,,0,2,1.25,2.5196700787401602,0.39,e4753fec-8c9e-44e7-ab74-06af22d8dbc3
,0,0.19685,0,0,0,4,,,,,,,,,0,0,0,0,True,238VOQBOXL510,,238VOQ8SZ61F8,238VOPSEPRUE,0,NULL,0,0,0,0,False,,False,0,0,0,0,0,,0,2,1.25,2.5197000000000003,0.39,529a8923-2645-4e02-b7d4-06af22d8dbc3
,0,0.19685,0,0,0,2,,,,,,,,,0,0,0,0,True,238VOQBOXLY10,,238VOQ8SZ61F8,238VOPSEPRUE,0,NULL,0,0,0,0,False,,False,0,0,0,0,0,,0,2,2.5197,1.25,0.39,5d8a5dbf-e973-4886-a3ab-06af22d8dcc3
,0,0.19685,0,0,0,2,,,,,,,,,0,0,0,0,True,238VOQBOXM110,,238VOQ8SZ61F8,238VOPSEPRUE,0,NULL,0,0,0,0,False,,False,0,0,0,0,0,,0,2,31.9503,1.25,0.39,608069cb-390f-44c4-bac9-06af22d8dcc3
,0,0.19685,0,0,0,2,,,,,,,,,0,0,0,0,True,238VOQBOXM410,,238VOQ8SZ61F8,238VOPSEPRUE,0,NULL,0,0,0,0,False,,False,0,0,0,0,0,,0,2,12.3299,1.25,0.39,ed725a92-b4e4-4ad2-af85-06af22d8dcc3
,0,0.19685,0,0,0,2,,,,,,,,,0,0,0,0,True,238VOQBOXM710,,238VOQ8SZ61F8,238VOPSEPRUE,0,NULL,0,0,0,0,False,,False,0,0,0,0,0,,0,2,22.1401,1.25,0.39,ce5db714-3486-491f-8f75-06af22d8dcc3
,0,0.19685,0,0,0,1,,,,,,,,,0,0,0,0,True,238VOQBOXNQ10,,238VOQ8SZ61F10,238VOPSEPRUE,0,NULL,0,0,0,0,False,,False,0,0,0,0,0,,0,2,2.5197,1.25,0.39,95687a58-20e9-4379-9d51-06af22d8ddc4
,0,0.19685,0,0,0,1,,,,,,,,,0,0,0,0,True,238VOQBOXNT10,,238VOQ8SZ61F10,238VOPSEPRUE,0,NULL,0,0,0,0,False,,False,0,0,0,0,0,,0,2,28.9763929133858,1.25,0.39,b414b52f-1cd8-44b4-8eb6-06af22d8ddc4
,0,0.19685,0,0,0,1,,,,,,,,,0,0,0,0,True,238VOQBOXNW10,,238VOQ8SZ61F10,238VOPSEPRUE,0,NULL,0,0,0,0,False,,False,0,0,0,0,0,,0,2,11.33859763779528,1.25,0.39,1906ade4-633c-4b0d-bfcf-06af22d8ddc4
,0,0.19685,0,0,0,1,,,,,,,,,0,0,0,0,True,238VOQBOXNZ10,,238VOQ8SZ61F10,238VOPSEPRUE,0,NULL,0,0,0,0,False,,False,0,0,0,0,0,,0,2,20.157495275590559,1.25,0.39,251baab5-d345-433f-9795-06af22d8ddc4
,0,0.19685,0,0,0,2,,,,,,,,,0,0,0,0,True,238VOQBOXOQ10,,238VOQ8SZ61F10,238VOPSEPRUE,0,NULL,0,0,0,0,False,,False,0,0,0,0,0,,0,2,2.5197,1.25,0.39,58ae25a0-b7e2-4de8-888d-06af22d8df44
,0,0.19685,0,0,0,2,,,,,,,,,0,0,0,0,True,238VOQBOXOT10,,238VOQ8SZ61F10,238VOPSEPRUE,0,NULL,0,0,0,0,False,,False,0,0,0,0,0,,0,2,28.9763929133858,1.25,0.39,9c8db0e9-c52f-4f0a-98f5-06af22d8df44
,0,0.19685,0,0,0,2,,,,,,,,,0,0,0,0,True,238VOQBOXOW10,,238VOQ8SZ61F10,238VOPSEPRUE,0,NULL,0,0,0,0,False,,False,0,0,0,0,0,,0,2,11.33859763779528,1.25,0.39,cf248921-604b-4004-8134-06af22d8df44
,0,0.19685,0,0,0,2,,,,,,,,,0,0,0,0,True,238VOQBOXOZ10,,238VOQ8SZ61F10,238VOPSEPRUE,0,NULL,0,0,0,0,False,,False,0,0,0,0,0,,0,2,20.157495275590559,1.25,0.39,ef0c535a-9772-4d4f-9a64-06af22d8df44
,0,0.31496,0,0,0,3,,,,,,,,,0,0,0,0,True,238VOQC1B0Q10,,238VOQ99OW2F3,238VOPSEPRUE,0,NULL,0,0,0,0,False,,False,0,0,0,0,0,,0,2,0.8268,1.4567,0.39,aa3ec5b8-b85f-4b7c-b0cb-06af22db5814
,0,0.31496,0,0,0,3,,,,,,,,,0,0,0,0,True,238VOQC1B0T10,,238VOQ99OW2F3,238VOPSEPRUE,0,NULL,0,0,0,0,False,,False,0,0,0,0,0,,0,2,0.8268,1.4567,0.39,0a7b2cde-f170-4189-b37a-06af22db5814
,0,0.31496,0,0,0,4,,,,,,,,,0,0,0,0,True,238VOQC2BAK10,,238VOQ99OW2F3,238VOPSEPRUE,0,NULL,0,0,0,0,False,,False,0,0,0,0,0,,0,2,0.8268,1.4567,0.39,5b38aff1-b96d-4f51-bee3-06af22db7394
,0,0.31496,0,0,0,4,,,,,,,,,0,0,0,0,True,238VOQC2BAN10,,238VOQ99OW2F3,238VOPSEPRUE,0,NULL,0,0,0,0,False,,False,0,0,0,0,0,,0,2,0.8268,1.4567,0.39,e0ec6e7b-6660-4f90-8c33-06af22db7394
,0,0.19685,0,0,0,3,,,,,,,,,0,0,0,0,True,238VOQC2BBB10,,238VOQ99OW2F3,238VOPSEPRUE,0,NULL,0,0,0,0,False,,False,0,0,0,0,0,,0,2,1.25,2.5197,0.39,40fbfe34-7414-4442-b503-06af22db7414
,0,0.19685,0,0,0,3,,,,,,,,,0,0,0,0,True,238VOQC2BBE10,,238VOQ99OW2F3,238VOPSEPRUE,0,NULL,0,0,0,0,False,,False,0,0,0,0,0,,0,2,1.25,22.6773,0.39,182bbc54-26b3-4112-b901-06af22db7414
,0,0.19685,0,0,0,3,,,,,,,,,0,0,0,0,True,238VOQC2BBH10,,238VOQ99OW2F3,238VOPSEPRUE,0,NULL,0,0,0,0,False,,False,0,0,0,0,0,,0,2,1.25,7.559099999999999,0.39,5690c6ea-713e-44e8-bd7b-06af22db7414
,0,0.19685,0,0,0,3,,,,,,,,,0,0,0,0,True,238VOQC2BBK10,,238VOQ99OW2F3,238VOPSEPRUE,0,NULL,0,0,0,0,False,,False,0,0,0,0,0,,0,2,1.25,12.598499999999998,0.39,e35e841b-75dd-408a-b8f1-06af22db7414
,0,0.19685,0,0,0,3,,,,,,,,,0,0,0,0,True,238VOQC2BBN10,,238VOQ99OW2F3,238VOPSEPRUE,0,NULL,0,0,0,0,False,,False,0,0,0,0,0,,0,2,1.25,17.6379,0.39,dd41b03e-20d5-4c86-b9bf-06af22db7414
,0,0.19685,0,0,0,4,,,,,,,,,0,0,0,0,True,238VOQC2BCK10,,238VOQ99OW2F3,238VOPSEPRUE,0,NULL,0,0,0,0,False,,False,0,0,0,0,0,,0,2,1.25,2.5197,0.39,2bc21158-c4cf-425c-a1d1-06af22db7513
,0,0.19685,0,0,0,4,,,,,,,,,0,0,0,0,True,238VOQC2BCN10,,238VOQ99OW2F3,238VOPSEPRUE,0,NULL,0,0,0,0,False,,False,0,0,0,0,0,,0,2,1.25,22.6773,0.39,faa496ca-426b-4bb0-adb4-06af22db7513
,0,0.19685,0,0,0,4,,,,,,,,,0,0,0,0,True,238VOQC2BCQ10,,238VOQ99OW2F3,238VOPSEPRUE,0,NULL,0,0,0,0,False,,False,0,0,0,0,0,,0,2,1.25,7.559099999999999,0.39,5a788877-a580-4d08-b201-06af22db7513
,0,0.19685,0,0,0,4,,,,,,,,,0,0,0,0,True,238VOQC2BCT10,,238VOQ99OW2F3,238VOPSEPRUE,0,NULL,0,0,0,0,False,,False,0,0,0,0,0,,0,2,1.25,12.598499999999998,0.39,e0b5465e-556d-49ad-b652-06af22db7513
,0,0.19685,0,0,0,4,,,,,,,,,0,0,0,0,True,238VOQC2BCW10,,238VOQ99OW2F3,238VOPSEPRUE,0,NULL,0,0,0,0,False,,False,0,0,0,0,0,,0,2,1.25,17.6379,0.39,6fb84ded-3db2-4de0-ab5b-06af22db7513
,0,0.31496,0,0,0,3,,,,,,,,,0,0,0,0,True,238VOQC2BDK10,,238VOQ99OW2F4,238VOPSEPRUE,0,NULL,0,0,0,0,False,,False,0,0,0,0,0,,0,2,0.8268,1.4567,0.39,ce25de21-9c36-4e92-8684-06af22db7613
,0,0.31496,0,0,0,3,,,,,,,,,0,0,0,0,True,238VOQC2BDN10,,238VOQ99OW2F4,238VOPSEPRUE,0,NULL,0,0,0,0,False,,False,0,0,0,0,0,,0,2,0.8268,1.4567,0.39,4899207a-b540-48dd-80d0-06af22db7613
,0,0.31496,0,0,0,4,,,,,,,,,0,0,0,0,True,238VOQC2BE210,,238VOQ99OW2F4,238VOPSEPRUE,0,NULL,0,0,0,0,False,,False,0,0,0,0,0,,0,2,0.8268,1.4567,0.39,574de2f9-a9ce-4bb0-b25f-06af22db7694
,0,0.31496,0,0,0,4,,,,,,,,,0,0,0,0,True,238VOQC2BE510,,238VOQ99OW2F4,238VOPSEPRUE,0,NULL,0,0,0,0,False,,False,0,0,0,0,0,,0,2,0.8268,1.4567,0.39,a4bf2250-a3dd-4567-ac58-06af22db7694
,0,0.19685,0,0,0,3,,,,,,,,,0,0,0,0,True,238VOQC2BET10,,238VOQ99OW2F4,238VOPSEPRUE,0,NULL,0,0,0,0,False,,False,0,0,0,0,0,,0,2,1.25,2.5197,0.39,277f695a-75a0-47d6-ba7d-06af22db7714
,0,0.19685,0,0,0,3,,,,,,,,,0,0,0,0,True,238VOQC2BEW10,,238VOQ99OW2F4,238VOPSEPRUE,0,NULL,0,0,0,0,False,,False,0,0,0,0,0,,0,2,1.25,22.6773,0.39,a0eab872-9e98-4b0d-bf6c-06af22db7714
,0,0.19685,0,0,0,3,,,,,,,,,0,0,0,0,True,238VOQC2BEZ10,,238VOQ99OW2F4,238VOPSEPRUE,0,NULL,0,0,0,0,False,,False,0,0,0,0,0,,0,2,1.25,7.559099999999999,0.39,16d7bae2-b29d-45b3-ac0f-06af22db7714
,0,0.19685,0,0,0,3,,,,,,,,,0,0,0,0,True,238VOQC2BF210,,238VOQ99OW2F4,238VOPSEPRUE,0,NULL,0,0,0,0,False,,False,0,0,0,0,0,,0,2,1.25,12.598499999999998,0.39,fffae795-8c80-4b2a-9002-06af22db7714
,0,0.19685,0,0,0,3,,,,,,,,,0,0,0,0,True,238VOQC2BF510,,238VOQ99OW2F4,238VOPSEPRUE,0,NULL,0,0,0,0,False,,False,0,0,0,0,0,,0,2,1.25,17.6379,0.39,7aafecae-922c-4eff-bd89-06af22db7714
,0,0.19685,0,0,0,4,,,,,,,,,0,0,0,0,True,238VOQC2BG210,,238VOQ99OW2F4,238VOPSEPRUE,0,NULL,0,0,0,0,False,,False,0,0,0,0,0,,0,2,1.25,2.5197,0.39,a07b54f5-3f3f-4864-af13-06af22db7814
,0,0.19685,0,0,0,4,,,,,,,,,0,0,0,0,True,238VOQC2BG510,,238VOQ99OW2F4,238VOPSEPRUE,0,NULL,0,0,0,0,False,,False,0,0,0,0,0,,0,2,1.25,22.6773,0.39,0e94c82a-4478-46d3-b9b2-06af22db7814
,0,0.19685,0,0,0,4,,,,,,,,,0,0,0,0,True,238VOQC2BG810,,238VOQ99OW2F4,238VOPSEPRUE,0,NULL,0,0,0,0,False,,False,0,0,0,0,0,,0,2,1.25,7.559099999999999,0.39,02827483-3f3d-426b-ba26-06af22db7814
,0,0.19685,0,0,0,4,,,,,,,,,0,0,0,0,True,238VOQC2BGB10,,238VOQ99OW2F4,238VOPSEPRUE,0,NULL,0,0,0,0,False,,False,0,0,0,0,0,,0,2,1.25,12.598499999999998,0.39,536ac263-16c3-4416-bab4-06af22db7814
,0,0.19685,0,0,0,4,,,,,,,,,0,0,0,0,True,238VOQC2BGE10,,238VOQ99OW2F4,238VOPSEPRUE,0,NULL,0,0,0,0,False,,False,0,0,0,0,0,,0,2,1.25,17.6379,0.39,f216028e-b5ef-47f0-8603-06af22db7814
,0,0.19685,0,0,0,1,,,,,,,,,0,0,0,0,True,238VOQC2BJ710,,238VOQ99OW2F6,238VOPSEPRUE,0,NULL,0,0,0,0,False,,False,0,0,0,0,0,,0,2,2.5197,1.25,0.39,dbc147ab-df05-4f71-bdf3-06af22db7a13
,0,0.19685,0,0,0,1,,,,,,,,,0,0,0,0,True,238VOQC2BJA10,,238VOQ99OW2F6,238VOPSEPRUE,0,NULL,0,0,0,0,False,,False,0,0,0,0,0,,0,2,73.0708811023622,1.25,0.39,eb8e1a2a-c516-491b-9a7f-06af22db7a13
,0,0.19685,0,0,0,1,,,,,,,,,0,0,0,0,True,238VOQC2BJD10,,238VOQ99OW2F6,238VOPSEPRUE,0,NULL,0,0,0,0,False,,False,0,0,0,0,0,,0,2,11.33859763779528,1.25,0.39,3d8a1631-f259-43bd-9600-06af22db7a13
,0,0.19685,0,0,0,1,,,,,,,,,0,0,0,0,True,238VOQC2BJG10,,238VOQ99OW2F6,238VOPSEPRUE,0,NULL,0,0,0,0,False,,False,0,0,0,0,0,,0,2,20.157495275590559,1.25,0.39,6a783989-fbe0-47e7-9f83-06af22db7a94
,0,0.19685,0,0,0,1,,,,,,,,,0,0,0,0,True,238VOQC2BJJ10,,238VOQ99OW2F6,238VOPSEPRUE,0,NULL,0,0,0,0,False,,False,0,0,0,0,0,,0,2,28.976392913385837,1.25,0.39,627ca775-40e5-4798-91fe-06af22db7a94
,0,0.19685,0,0,0,1,,,,,,,,,0,0,0,0,True,238VOQC2BJM10,,238VOQ99OW2F6,238VOPSEPRUE,0,NULL,0,0,0,0,False,,False,0,0,0,0,0,,0,2,37.795290551181118,1.25,0.39,57d6f59e-f5f8-455a-bc27-06af22db7a94
,0,0.19685,0,0,0,1,,,,,,,,,0,0,0,0,True,238VOQC2BJP10,,238VOQ99OW2F6,238VOPSEPRUE,0,NULL,0,0,0,0,False,,False,0,0,0,0,0,,0,2,46.6141881889764,1.25,0.39,6a96ecea-302a-4cca-b1d9-06af22db7a94
,0,0.19685,0,0,0,1,,,,,,,,,0,0,0,0,True,238VOQC2BJS10,,238VOQ99OW2F6,238VOPSEPRUE,0,NULL,0,0,0,0,False,,False,0,0,0,0,0,,0,2,55.433085826771681,1.25,0.39,88b40c6f-e0a4-4f0a-9fdc-06af22db7a94
,0,0.19685,0,0,0,1,,,,,,,,,0,0,0,0,True,238VOQC2BJV10,,238VOQ99OW2F6,238VOPSEPRUE,0,NULL,0,0,0,0,False,,False,0,0,0,0,0,,0,2,64.251983464566962,1.25,0.39,3019fd44-3796-4cfd-80f1-06af22db7a94
,0,0.19685,0,0,0,2,,,,,,,,,0,0,0,0,True,238VOQC2BLG10,,238VOQ99OW2F6,238VOPSEPRUE,0,NULL,0,0,0,0,False,,False,0,0,0,0,0,,0,2,2.5197,1.25,0.39,515c1fc0-386c-4d93-8395-06af22db7b94
,0,0.19685,0,0,0,2,,,,,,,,,0,0,0,0,True,238VOQC2BLJ10,,238VOQ99OW2F6,238VOPSEPRUE,0,NULL,0,0,0,0,False,,False,0,0,0,0,0,,0,2,73.0708811023622,1.25,0.39,e599fe0c-75b4-465d-81cd-06af22db7b94
,0,0.19685,0,0,0,2,,,,,,,,,0,0,0,0,True,238VOQC2BLM10,,238VOQ99OW2F6,238VOPSEPRUE,0,NULL,0,0,0,0,False,,False,0,0,0,0,0,,0,2,11.33859763779528,1.25,0.39,d197047c-4da7-4dff-a626-06af22db7b94
,0,0.19685,0,0,0,2,,,,,,,,,0,0,0,0,True,238VOQC2BLP10,,238VOQ99OW2F6,238VOPSEPRUE,0,NULL,0,0,0,0,False,,False,0,0,0,0,0,,0,2,20.157495275590559,1.25,0.39,bf1991d0-67e1-4c8e-8bae-06af22db7b94
,0,0.19685,0,0,0,2,,,,,,,,,0,0,0,0,True,238VOQC2BLS10,,238VOQ99OW2F6,238VOPSEPRUE,0,NULL,0,0,0,0,False,,False,0,0,0,0,0,,0,2,28.976392913385837,1.25,0.39,8c02cfb1-7a97-45ae-acd1-06af22db7b94
,0,0.19685,0,0,0,2,,,,,,,,,0,0,0,0,True,238VOQC2BLV10,,238VOQ99OW2F6,238VOPSEPRUE,0,NULL,0,0,0,0,False,,False,0,0,0,0,0,,0,2,37.795290551181118,1.25,0.39,2365feed-cd2a-46b1-b3c8-06af22db7c14
,0,0.19685,0,0,0,2,,,,,,,,,0,0,0,0,True,238VOQC2BLY10,,238VOQ99OW2F6,238VOPSEPRUE,0,NULL,0,0,0,0,False,,False,0,0,0,0,0,,0,2,46.6141881889764,1.25,0.39,54f4470f-253a-4d65-a9ea-06af22db7c14
,0,0.19685,0,0,0,2,,,,,,,,,0,0,0,0,True,238VOQC2BM110,,238VOQ99OW2F6,238VOPSEPRUE,0,NULL,0,0,0,0,False,,False,0,0,0,0,0,,0,2,55.433085826771681,1.25,0.39,af396aba-1527-49e9-95bf-06af22db7c14
,0,0.19685,0,0,0,2,,,,,,,,,0,0,0,0,True,238VOQC2BM410,,238VOQ99OW2F6,238VOPSEPRUE,0,NULL,0,0,0,0,False,,False,0,0,0,0,0,,0,2,64.251983464566962,1.25,0.39,1d56abdf-7e56-4264-a968-06af22db7c14
,0,0.31496,0,0,0,3,,,,,,,,,0,0,0,0,True,238VOQC2BN410,,238VOQ9CSF5F1,238VOPSEPRUE,0,NULL,0,0,0,0,False,,False,0,0,0,0,0,,0,2,0.8268,1.4567,0.39,c926afbf-7373-4902-971a-06af22db7d13
,0,0.31496,0,0,0,3,,,,,,,,,0,0,0,0,True,238VOQC2BN710,,238VOQ9CSF5F1,238VOPSEPRUE,0,NULL,0,0,0,0,False,,False,0,0,0,0,0,,0,2,0.8268,1.4567,0.39,417b3398-c93f-445b-b36d-06af22db7d13
,0,0.31496,0,0,0,4,,,,,,,,,0,0,0,0,True,238VOQC2BNM10,,238VOQ9CSF5F1,238VOPSEPRUE,0,NULL,0,0,0,0,False,,False,0,0,0,0,0,,0,2,0.8268,1.4567,0.39,59e12473-a517-408b-801c-06af22db7d93
,0,0.31496,0,0,0,4,,,,,,,,,0,0,0,0,True,238VOQC2BNP10,,238VOQ9CSF5F1,238VOPSEPRUE,0,NULL,0,0,0,0,False,,False,0,0,0,0,0,,0,2,0.8268,1.4567,0.39,f8d653c6-eac5-4d93-999c-06af22db7d93
,0,0.19685,0,0,0,2,,,,,,,,,0,0,0,0,True,238VOQC2BO710,,238VOQ9CSF5F1,238VOPSEPRUE,0,NULL,0,0,0,0,False,,False,0,0,0,0,0,,0,2,2.5197,1.25,0.39,bbbb7d21-d168-4162-9a5b-06af22db7e94
,0,0.19685,0,0,0,2,,,,,,,,,0,0,0,0,True,238VOQC2BOA10,,238VOQ9CSF5F1,238VOPSEPRUE,0,NULL,0,0,0,0,False,,False,0,0,0,0,0,,0,2,13.9503,1.25,0.39,b4655c01-d5ba-48bd-ad94-06af22db7e94
,0,0.19685,0,0,0,2,,,,,,,,,0,0,0,0,True,238VOQC2BOD10,,238VOQ9CSF5F1,238VOPSEPRUE,0,NULL,0,0,0,0,False,,False,0,0,0,0,0,,0,2,8.235,1.25,0.39,128f2e38-f1aa-47ff-9670-06af22db7f14
,0,0.19685,0,0,0,3,,,,,,,,,0,0,0,0,True,238VOQC2BP410,,238VOQ9CSF5F1,238VOPSEPRUE,0,NULL,0,0,0,0,False,,False,0,0,0,0,0,,0,2,1.25,2.5197,0.39,b9ee356e-56b6-4adc-9864-06af22db8055
,0,0.19685,0,0,0,3,,,,,,,,,0,0,0,0,True,238VOQC2BP710,,238VOQ9CSF5F1,238VOPSEPRUE,0,NULL,0,0,0,0,False,,False,0,0,0,0,0,,0,2,1.25,22.6773,0.39,7caadb8c-eb9f-4b25-a165-06af22db8055
,0,0.19685,0,0,0,3,,,,,,,,,0,0,0,0,True,238VOQC2BPA10,,238VOQ9CSF5F1,238VOPSEPRUE,0,NULL,0,0,0,0,False,,False,0,0,0,0,0,,0,2,1.25,7.559099999999999,0.39,a0ead61b-4318-49d7-a079-06af22db8055
,0,0.19685,0,0,0,3,,,,,,,,,0,0,0,0,True,238VOQC2BPD10,,238VOQ9CSF5F1,238VOPSEPRUE,0,NULL,0,0,0,0,False,,False,0,0,0,0,0,,0,2,1.25,12.598499999999998,0.39,553e3fab-87ff-49d5-8570-06af22db8055
,0,0.19685,0,0,0,3,,,,,,,,,0,0,0,0,True,238VOQC2BPG10,,238VOQ9CSF5F1,238VOPSEPRUE,0,NULL,0,0,0,0,False,,False,0,0,0,0,0,,0,2,1.25,17.6379,0.39,40321e11-eb3d-441c-9931-06af22db8055
,0,0.19685,0,0,0,4,,,,,,,,,0,0,0,0,True,238VOQC2BQD10,,238VOQ9CSF5F1,238VOPSEPRUE,0,NULL,0,0,0,0,False,,False,0,0,0,0,0,,0,2,1.25,2.5197,0.39,ba8d8053-ccaa-4893-86c4-06af22db8156
,0,0.19685,0,0,0,4,,,,,,,,,0,0,0,0,True,238VOQC2BQG10,,238VOQ9CSF5F1,238VOPSEPRUE,0,NULL,0,0,0,0,False,,False,0,0,0,0,0,,0,2,1.25,22.6773,0.39,439e22f3-f0b8-439c-9e0b-06af22db8156
,0,0.19685,0,0,0,4,,,,,,,,,0,0,0,0,True,238VOQC2BQJ10,,238VOQ9CSF5F1,238VOPSEPRUE,0,NULL,0,0,0,0,False,,False,0,0,0,0,0,,0,2,1.25,7.559099999999999,0.39,987d3c11-1abc-4b96-a6e8-06af22db8156
,0,0.19685,0,0,0,4,,,,,,,,,0,0,0,0,True,238VOQC2BQM10,,238VOQ9CSF5F1,238VOPSEPRUE,0,NULL,0,0,0,0,False,,False,0,0,0,0,0,,0,2,1.25,12.598499999999998,0.39,2e05e970-d4ce-49ad-bb9c-06af22db8156
,0,0.19685,0,0,0,4,,,,,,,,,0,0,0,0,True,238VOQC2BQP10,,238VOQ9CSF5F1,238VOPSEPRUE,0,NULL,0,0,0,0,False,,False,0,0,0,0,0,,0,2,1.25,17.6379,0.39,38e1816c-3877-40c0-9b01-06af22db8156
,0,0.31496,0,0,0,3,,,,,,,,,0,0,0,0,True,238VOQCJWLI10,,238VOQ9Y3YGF3,238VOPSEPRUE,0,NULL,0,0,0,0,False,,False,0,0,0,0,0,,0,2,0.8268,1.4567,0.39,969e34df-b8a2-4799-9f2e-06af22dec44d
,0,0.31496,0,0,0,3,,,,,,,,,0,0,0,0,True,238VOQCJWLL10,,238VOQ9Y3YGF3,238VOPSEPRUE,0,NULL,0,0,0,0,False,,False,0,0,0,0,0,,0,2,0.8268,1.4567,0.39,61cca1dd-5416-45fe-81df-06af22dec4cd
,0,0.31496,0,0,0,4,,,,,,,,,0,0,0,0,True,238VOQCJWVC10,,238VOQ9Y3YGF3,238VOPSEPRUE,0,NULL,0,0,0,0,False,,False,0,0,0,0,0,,0,2,0.8268,1.4567,0.39,edb631b7-3fa6-49de-af2d-06af22dedf4d
,0,0.31496,0,0,0,4,,,,,,,,,0,0,0,0,True,238VOQCJWVF10,,238VOQ9Y3YGF3,238VOPSEPRUE,0,NULL,0,0,0,0,False,,False,0,0,0,0,0,,0,2,0.8268,1.4567,0.39,3741c1a8-c1b2-474a-8e74-06af22dedf4d
,0,0.19685,0,0,0,3,,,,,,,,,0,0,0,0,True,238VOQCJWW310,,238VOQ9Y3YGF3,238VOPSEPRUE,0,NULL,0,0,0,0,False,,False,0,0,0,0,0,,0,2,1.25,2.5197,0.39,a12cc29d-6c28-4c2d-8b40-06af22dedfcd
,0,0.19685,0,0,0,3,,,,,,,,,0,0,0,0,True,238VOQCJWW610,,238VOQ9Y3YGF3,238VOPSEPRUE,0,NULL,0,0,0,0,False,,False,0,0,0,0,0,,0,2,1.25,22.6773,0.39,b2191c42-eecf-4c8c-8b64-06af22dedfcd
,0,0.19685,0,0,0,3,,,,,,,,,0,0,0,0,True,238VOQCJWW910,,238VOQ9Y3YGF3,238VOPSEPRUE,0,NULL,0,0,0,0,False,,False,0,0,0,0,0,,0,2,1.25,7.559099999999999,0.39,d7fada5b-3f33-43d4-8455-06af22dee04d
,0,0.19685,0,0,0,3,,,,,,,,,0,0,0,0,True,238VOQCJWWC10,,238VOQ9Y3YGF3,238VOPSEPRUE,0,NULL,0,0,0,0,False,,False,0,0,0,0,0,,0,2,1.25,12.598499999999998,0.39,c7ceabe2-9c8d-4b0a-93d2-06af22dee04d
,0,0.19685,0,0,0,3,,,,,,,,,0,0,0,0,True,238VOQCJWWF10,,238VOQ9Y3YGF3,238VOPSEPRUE,0,NULL,0,0,0,0,False,,False,0,0,0,0,0,,0,2,1.25,17.6379,0.39,84177501-860a-40a0-aa29-06af22dee04d
,0,0.19685,0,0,0,4,,,,,,,,,0,0,0,0,True,238VOQCJWXC10,,238VOQ9Y3YGF3,238VOPSEPRUE,0,NULL,0,0,0,0,False,,False,0,0,0,0,0,,0,2,1.25,2.5197,0.39,29e4e71e-9843-455a-8876-06af22dee0cd
,0,0.19685,0,0,0,4,,,,,,,,,0,0,0,0,True,238VOQCJWXF10,,238VOQ9Y3YGF3,238VOPSEPRUE,0,NULL,0,0,0,0,False,,False,0,0,0,0,0,,0,2,1.25,22.6773,0.39,187c900f-73db-493e-ad9b-06af22dee0cd
,0,0.19685,0,0,0,4,,,,,,,,,0,0,0,0,True,238VOQCJWXI10,,238VOQ9Y3YGF3,238VOPSEPRUE,0,NULL,0,0,0,0,False,,False,0,0,0,0,0,,0,2,1.25,7.559099999999999,0.39,ca742789-dd1e-45c6-a39e-06af22dee0cd
,0,0.19685,0,0,0,4,,,,,,,,,0,0,0,0,True,238VOQCJWXL10,,238VOQ9Y3YGF3,238VOPSEPRUE,0,NULL,0,0,0,0,False,,False,0,0,0,0,0,,0,2,1.25,12.598499999999998,0.39,7b41b670-28c7-4177-9d00-06af22dee0cd
,0,0.19685,0,0,0,4,,,,,,,,,0,0,0,0,True,238VOQCJWXO10,,238VOQ9Y3YGF3,238VOPSEPRUE,0,NULL,0,0,0,0,False,,False,0,0,0,0,0,,0,2,1.25,17.6379,0.39,8bb40c3c-117e-4fc0-9c8e-06af22dee14d
,0,0.19685,0,0,0,2,,,,,,,,,0,0,0,0,True,238VOQCJWYF10,,238VOQ9Y3YGF3,238VOPSEPRUE,0,NULL,0,0,0,0,False,,False,0,0,0,0,0,,0,2,2.5197,1.25,0.39,f8483b88-9a6c-4065-8c35-06af22dee24c
,0,0.19685,0,0,0,2,,,,,,,,,0,0,0,0,True,238VOQCJWYI10,,238VOQ9Y3YGF3,238VOPSEPRUE,0,NULL,0,0,0,0,False,,False,0,0,0,0,0,,0,2,13.9503,1.25,0.39,4d67b9a1-4be1-4201-869a-06af22dee24c
,0,0.19685,0,0,0,2,,,,,,,,,0,0,0,0,True,238VOQCJWYL10,,238VOQ9Y3YGF3,238VOPSEPRUE,0,NULL,0,0,0,0,False,,False,0,0,0,0,0,,0,2,8.235,1.25,0.39,72ae3259-5532-4e13-843e-06af22dee2cc
,0,0.31496,0,0,0,3,,,,,,,,,0,0,0,0,True,238VOQCJWZ310,,238VOQ9Y3YGF7,238VOPSEPRUE,0,NULL,0,0,0,0,False,,False,0,0,0,0,0,,0,2,0.8268,1.4567,0.39,926315de-7305-4c74-bebe-06af22dee4cd
,0,0.31496,0,0,0,3,,,,,,,,,0,0,0,0,True,238VOQCJWZ610,,238VOQ9Y3YGF7,238VOPSEPRUE,0,NULL,0,0,0,0,False,,False,0,0,0,0,0,,0,2,0.8268,3.58267007874016,0.39,08bca7e7-37c7-4c1f-bcbf-06af22dee4cd
,0,0.31496,0,0,0,4,,,,,,,,,0,0,0,0,True,238VOQCJWZL10,,238VOQ9Y3YGF7,238VOPSEPRUE,0,NULL,0,0,0,0,False,,False,0,0,0,0,0,,0,2,0.8268,1.4567,0.39,57e4dedc-3d17-4080-8930-06af22dee5cc
,0,0.31496,0,0,0,4,,,,,,,,,0,0,0,0,True,238VOQCJWZO10,,238VOQ9Y3YGF7,238VOPSEPRUE,0,NULL,0,0,0,0,False,,False,0,0,0,0,0,,0,2,0.8268,3.58267007874016,0.39,5e55bf78-e1db-472a-aa67-06af22dee5cc
,0,0.19685,0,0,0,3,,,,,,,,,0,0,0,0,True,238VOQCJX0310,,238VOQ9Y3YGF7,238VOPSEPRUE,0,NULL,0,0,0,0,False,,False,0,0,0,0,0,,0,2,1.25,2.5196700787401602,0.39,7710185f-a60f-4795-9de5-06af22dee64c
,0,0.19685,0,0,0,3,,,,,,,,,0,0,0,0,True,238VOQCJX0610,,238VOQ9Y3YGF7,238VOPSEPRUE,0,NULL,0,0,0,0,False,,False,0,0,0,0,0,,0,2,1.25,2.5197000000000003,0.39,79866cab-e38d-440c-a488-06af22dee64c
,0,0.19685,0,0,0,4,,,,,,,,,0,0,0,0,True,238VOQCJX0L10,,238VOQ9Y3YGF7,238VOPSEPRUE,0,NULL,0,0,0,0,False,,False,0,0,0,0,0,,0,2,1.25,2.5196700787401602,0.39,663fb768-7077-4dcc-8b75-06af22dee6ce
,0,0.19685,0,0,0,4,,,,,,,,,0,0,0,0,True,238VOQCJX0O10,,238VOQ9Y3YGF7,238VOPSEPRUE,0,NULL,0,0,0,0,False,,False,0,0,0,0,0,,0,2,1.25,2.5197000000000003,0.39,6e0c0c60-7b17-491e-8617-06af22dee6ce
,0,0.31496,0,0,0,3,,,,,,,,,0,0,0,0,True,238VOQCJX1510,,238VOQ9Y3YGF8,238VOPSEPRUE,0,NULL,0,0,0,0,False,,False,0,0,0,0,0,,0,2,0.8268,1.4567,0.39,13098f4f-2930-4e36-8d4e-06af22dee74d
,0,0.31496,0,0,0,3,,,,,,,,,0,0,0,0,True,238VOQCJX1810,,238VOQ9Y3YGF8,238VOPSEPRUE,0,NULL,0,0,0,0,False,,False,0,0,0,0,0,,0,2,0.8268,3.58267007874016,0.39,acec1f9c-18e0-4d0d-a782-06af22dee74d
,0,0.31496,0,0,0,4,,,,,,,,,0,0,0,0,True,238VOQCJX1V10,,238VOQ9Y3YGF8,238VOPSEPRUE,0,NULL,0,0,0,0,False,,False,0,0,0,0,0,,0,2,0.8268,1.4567,0.39,66a47172-8468-4611-a932-06af22dee7cd
,0,0.31496,0,0,0,4,,,,,,,,,0,0,0,0,True,238VOQCJX1Y10,,238VOQ9Y3YGF8,238VOPSEPRUE,0,NULL,0,0,0,0,False,,False,0,0,0,0,0,,0,2,0.8268,3.58267007874016,0.39,bc8be384-5c22-4ff7-95ad-06af22dee7cd
,0,0.19685,0,0,0,3,,,,,,,,,0,0,0,0,True,238VOQCJX2L10,,238VOQ9Y3YGF8,238VOPSEPRUE,0,NULL,0,0,0,0,False,,False,0,0,0,0,0,,0,2,1.25,2.5196700787401602,0.39,0c438acf-d022-453e-9c0a-06af22dee8cd
,0,0.19685,0,0,0,3,,,,,,,,,0,0,0,0,True,238VOQCJX2O10,,238VOQ9Y3YGF8,238VOPSEPRUE,0,NULL,0,0,0,0,False,,False,0,0,0,0,0,,0,2,1.25,2.5197000000000003,0.39,06c4124f-3040-4b88-8a28-06af22dee8cd
,0,0.19685,0,0,0,4,,,,,,,,,0,0,0,0,True,238VOQCJX3B10,,238VOQ9Y3YGF8,238VOPSEPRUE,0,NULL,0,0,0,0,False,,False,0,0,0,0,0,,0,2,1.25,2.5196700787401602,0.39,8e66e2ab-182d-4900-bf2e-06af22dee94d
,0,0.19685,0,0,0,4,,,,,,,,,0,0,0,0,True,238VOQCJX3E10,,238VOQ9Y3YGF8,238VOPSEPRUE,0,NULL,0,0,0,0,False,,False,0,0,0,0,0,,0,2,1.25,2.5197000000000003,0.39,0b127e4d-5ba3-4112-b7f4-06af22dee94d
,0,0.19685,0,0,0,2,,,,,,,,,0,0,0,0,True,238VOQCJX4410,,238VOQ9Y3YGF8,238VOPSEPRUE,0,NULL,0,0,0,0,False,,False,0,0,0,0,0,,0,2,2.5197,1.25,0.39,beb43ae7-cee1-4829-93fe-06af22deea4c
,0,0.19685,0,0,0,2,,,,,,,,,0,0,0,0,True,238VOQCJX4710,,238VOQ9Y3YGF8,238VOPSEPRUE,0,NULL,0,0,0,0,False,,False,0,0,0,0,0,,0,2,13.9503,1.25,0.39,a9e7fefa-6863-486b-be74-06af22deea4c
,0,0.19685,0,0,0,2,,,,,,,,,0,0,0,0,True,238VOQCJX4A10,,238VOQ9Y3YGF8,238VOPSEPRUE,0,NULL,0,0,0,0,False,,False,0,0,0,0,0,,0,2,8.235,1.25,0.39,067dffee-091a-4e2c-a442-06af22deea4c
,0,0.19685,0,0,0,1,,,,,,,,,0,0,0,0,True,238VOQCJX5Q10,,238VOQ9Y3YGF10,238VOPSEPRUE,0,NULL,0,0,0,0,False,,False,0,0,0,0,0,,0,2,2.5197,1.25,0.39,fbcf1c99-b09f-49c0-8954-06af22deebcd
,0,0.19685,0,0,0,1,,,,,,,,,0,0,0,0,True,238VOQCJX5T10,,238VOQ9Y3YGF10,238VOPSEPRUE,0,NULL,0,0,0,0,False,,False,0,0,0,0,0,,0,2,28.9763929133858,1.25,0.39,a96181e8-183f-46aa-945d-06af22deebcd
,0,0.19685,0,0,0,1,,,,,,,,,0,0,0,0,True,238VOQCJX5W10,,238VOQ9Y3YGF10,238VOPSEPRUE,0,NULL,0,0,0,0,False,,False,0,0,0,0,0,,0,2,11.33859763779528,1.25,0.39,cc41c70d-edc2-460e-9dee-06af22deebcd
,0,0.19685,0,0,0,1,,,,,,,,,0,0,0,0,True,238VOQCJX5Z10,,238VOQ9Y3YGF10,238VOPSEPRUE,0,NULL,0,0,0,0,False,,False,0,0,0,0,0,,0,2,20.157495275590559,1.25,0.39,a5e9a003-a295-4706-a3cb-06af22deebcd
,0,0.19685,0,0,0,2,,,,,,,,,0,0,0,0,True,238VOQCJX6Q10,,238VOQ9Y3YGF10,238VOPSEPRUE,0,NULL,0,0,0,0,False,,False,0,0,0,0,0,,0,2,2.5197,1.25,0.39,923c68f5-6d5f-4392-a71a-06af22deec4d
,0,0.19685,0,0,0,2,,,,,,,,,0,0,0,0,True,238VOQCJX6T10,,238VOQ9Y3YGF10,238VOPSEPRUE,0,NULL,0,0,0,0,False,,False,0,0,0,0,0,,0,2,28.9763929133858,1.25,0.39,682e5cd4-9160-48ff-944b-06af22deec4d
,0,0.19685,0,0,0,2,,,,,,,,,0,0,0,0,True,238VOQCJX6W10,,238VOQ9Y3YGF10,238VOPSEPRUE,0,NULL,0,0,0,0,False,,False,0,0,0,0,0,,0,2,11.33859763779528,1.25,0.39,c24b2ab0-fbe0-435c-8847-06af22deec4d
,0,0.19685,0,0,0,2,,,,,,,,,0,0,0,0,True,238VOQCJX6Z10,,238VOQ9Y3YGF10,238VOPSEPRUE,0,NULL,0,0,0,0,False,,False,0,0,0,0,0,,0,2,20.157495275590559,1.25,0.39,d08a976a-56de-4198-8edf-06af22deec4d
