AdjustedCutPartLength,AdjustedCutPartWidth,Barcode,BasePoint,BasePointX,BasePointY,BasePointZ,Code,CodeFormula,Comments,Comments1,Comments2,Comments3,CutPartLength,CutPartWidth,DontIncludeRoutesinNestBorder,DrawToken2DElv,DrawToken3D,DXFFileName,EdgeNameBottom,EdgeNameBottomWMF,EdgeNameLeft,EdgeNameLeftWMF,EdgeNameRight,EdgeNameRightWMF,EdgeNameTop,EdgeNameTopWMF,EdgeSequence,Face6Barcode,Face6FileName,FileName,FinishPriority,FullFace6FileName,FullFileName,Grain,GrainFormula,HandlingCode,HandlingCodeFormula,HatchType,HboreBarcodeLeft,HboreBarcodeLower,HboreBarcodeRight,HboreBarcodeUpper,HboreFileNameLeft,HboreFileNameLower,HboreFileNameRight,HboreFileNameUpper,Index,InventoryAvailableQty,InventoryCurrentQty,InventoryMinQty,IrregularShape,IsFormulaMaterial,JPegStream,LabelPosition,Length,LinkID,LinkIDBottomFaceRendering,LinkIDCategory,LinkIDCoreRendering,LinkIDDefaultVendor,LinkIDEQPart,LinkIDMaterial,LinkIDParentSubAssembly,LinkIDProcessingStations,LinkIDProduct,LinkIDProject,LinkIDSheetSize,LinkIDSubAssembly,LinkIDTopFaceRendering,LinkIDVendor,LinkIDWorkOrder,Location1,Location2,MachinePoint,MarkUp,MarkUpFormula,MaterialCode,MaterialComments,MaterialCommentsFormula,MaterialFlipSetting,MaterialLaborValue,MaterialLaborValueFormula,MaterialName,MaterialThickness,MaterialType,MaterialXData1,MaterialXData1Formula,MaterialXData2,MaterialXData2Formula,MaterialXData3,MaterialXData3Formula,Modified,Name,OverProductionQuantity,OverridePartCutLength,OverridePartCutThickness,OverridePartCutWidth,Par1,Par2,Par3,PartType,PerfectGrainCaption,PrintFlag,Quantity,Region,RotationX,RotationY,RotationZ,Row_ID,RunFieldNameFace5,RunFieldNameFace6,ScanCode,SkipSpreadsheetSync,Thickness,TiffStream,TotalQuantity,Type,UDID,UnderProductionQuantity,UnitType,VendorCost,WasteFactor,WasteFactorFormula,Width,WMFName,WMFNameFace6,WMFStream,WMFStreamDimensioned,WMFStreamFace6,WMFStreamFace6Dimensioned,XD01,XD02,XD03,XD04,XD05,XD06,XD07,XD08,XD09,XD10,XD11,XD12,XD13,XD14,XD15,XD16,XD17,XD18,ID,
34.5,5,NULL,4,0,-42,0,,NULL,L R,L R,,,34.5,5,False,,,,,,,,,,,,,,W7H6AF05,W7H6AE05,,,NULL,1,NULL,,NULL,0,NULL,NULL,NULL,NULL,07H6AG05,07H6AJ05,07H6AI05,07H6AH05,0,0,0,0,,False,NULL,,34.5,238VOQ80HWAF5,,,,,,21CRJ1MN55T10,,8109416f-bff8-4f7a-b97b-4393f36af508,238IJQOYJXXF,187JIQKMR2Y8,,238VOQ80HWAF,,,238VOPSEPRUE,,,8,0,NULL,,,NULL,0,0,,( 4 QTR Lumber ) - Alder - Select,0.75,3,National Wood Products,,,,,,True,L-Panel Hardwood Nosing,,0,0,0,,,,1,,False,1,0,0,-90,90,3,,,,False,0.75,NULL,1,0,,,9,0,0,NULL,5,,,NULL,NULL,NULL,NULL,,,,,,,,,,,,,,,,,,,f4098fef-e949-4cb4-bb72-06af22beee07
34.5,42,NULL,3,0.75,0,0,,NULL,,,,,34.5,42,False,,,,,,,,,,,,,,W307JERL,W307JERK,,,NULL,0,NULL,,NULL,0,NULL,NULL,NULL,NULL,8307JERM,8307JERP,8307JERO,8307JERN,1,0,0,0,,False,NULL,,34.5,238VOQ8BVMJF51,,,,,,187VIK71BC9Y,238VOQ80HWAF,8109416f-bff8-4f7a-b97b-4393f36af508,238IJQOYJXXF,187JIQKMR2Y8,,238VOQ8BVMJF,,,238VOPSEPRUE,,,3M,0,NULL,,Use this on parts that need to be processed but nothing else.,NULL,1,0,,Drawing Only,0.75,3,,,,,,,True,Single Panel,,0,0,0,,,,1,,False,1,0,0,-90,360,2,,,,False,0,NULL,1,0,,,4,0,0,NULL,42,,,NULL,NULL,NULL,NULL,,,,,,,,,,,,,,,,,,,814021d5-215a-4328-a5f4-06af22c13184
34.5,42,NULL,1,0.75000000000000022,0.75,0,,NULL,,,,,34.5,42,False,,,,,,,,,,,,,,W307JERR,W307JERQ,,,NULL,0,NULL,,NULL,0,NULL,NULL,NULL,NULL,8307JERS,8307JERV,8307JERU,8307JERT,2,0,0,0,,False,NULL,,34.5,238VOQ8BVMJF77,,,,,,50051dd1-cc0d-446a-94fa-40261ecd0ff3,238VOQ80HWAF,8109416f-bff8-4f7a-b97b-4393f36af508,238IJQOYJXXF,187JIQKMR2Y8,,238VOQ8BVMJF,,,238VOPSEPRUE,,,8,0,NULL,,,NULL,0,0,,Bywater Door,0.8125,3,,,,,,,True,RPE - Buyout,,0,0,0,,,,1,,False,1,0,0,0,0,1,,,,False,0.75,NULL,1,0,,,2,0,0,NULL,42,,,NULL,NULL,NULL,NULL,,,,,,,,,,,,,,,,,,,bafcc5ae-c70c-49ac-92d6-06af22c13a04
50,25,NULL,3,0,0,0.74,,NULL,S,S,,,50,25,False,,,,,,,,,,,,,,W307H6AR,W307H6AQ,,,NULL,1,NULL,,NULL,0,NULL,NULL,NULL,NULL,8307H6AS,8307H6AV,8307H6AU,8307H6AT,0,0,0,0,,False,NULL,,50,238VOQ8D36IG,,,,,,21CRJOH0C2I10,,05aa63a2-4c14-4a96-a9a6-6c5eec58ba89|e5086a07-05ce-4ada-bda6-bedbdc9fc88b|8109416f-bff8-4f7a-b97b-4393f36af508|0816ab46-ad71-4fe2-804b-c804120d3a7f,238IJQRNTWEF,187JIQKMR2Y8,,,,,238VOPSEPRUE,,,1,0,NULL,,,NULL,0,0,,( 3_4 ) WT - Alder Select,0.74,2,National Wood Products,,,,,,True,Veneer Top Panel,,0,0,0,,,,1,,False,1,0,0,0,0,11,,,,False,0,NULL,1,0,,,1,0,0,NULL,25,,W307H6AR,NULL,NULL,0x010000006C000000D4FFFFFF0000000030040000540300000000000000000000CA820000A482000020454D4600000100440700004E0000000200000000000000000000000000000080070000380400005602000050010000000000000000000000000000F01F0900802005002100000008000000620000000C00000001000000,NULL,,,,,,,,,,,,,,,,,,,c028ee22-885d-4118-aeaa-06af22c18d84
50,1.5,NULL,1,0,-24.75,-0.02,,NULL,RS,RS,,,50,1.5,False,,,,,,,,,,,,,,W307H6AX,W307H6AW,,,NULL,1,NULL,,NULL,0,NULL,NULL,NULL,NULL,8307H6AY,8307H6B1,8307H6B0,8307H6AZ,1,0,0,0,,False,NULL,,50,238VOQ8D372G,,,,,,21CRJ1MN55T10,,8109416f-bff8-4f7a-b97b-4393f36af508,238IJQRNTWEF,187JIQKMR2Y8,,,,,238VOPSEPRUE,,,4,0,NULL,,,NULL,0,0,,( 4 QTR Lumber ) - Alder - Select,0.75,3,National Wood Products,,,,,,True,Front Nosing,,0,0,0,DRAW2DBOX CABINET,DRAW2DBOX CABINET,DRAW2DBOX CABINET,1,,False,1,0,90,0,0,10,,,,False,0.75,NULL,1,0,,,9,0,0,NULL,1.5,,,NULL,NULL,NULL,NULL,,,,,,,,,,,,,,,,,,,781a5479-ef78-4bb8-872c-06af22c18f04
50,4,NULL,1,0,-24.75,0,,NULL,S,S,,,50,4,False,,,,,,,,,,,,,,W307H6B3,W307H6B2,,,NULL,1,NULL,,NULL,0,NULL,NULL,NULL,NULL,8307H6B4,8307H6B7,8307H6B6,8307H6B5,2,0,0,0,,False,NULL,,50,238VOQ8D37KG,,,,,,21CRJOH0C2I10,,e5086a07-05ce-4ada-bda6-bedbdc9fc88b|8109416f-bff8-4f7a-b97b-4393f36af508|0816ab46-ad71-4fe2-804b-c804120d3a7f,238IJQRNTWEF,187JIQKMR2Y8,,,,,238VOPSEPRUE,,,4,0,NULL,,,NULL,0,0,,( 3_4 ) WT - Alder Select,0.74,2,National Wood Products,,,,,,True,Build Up Material Front,,0,0,0,DRAW2DBOX CABINET,DRAW2DBOX CABINET,DRAW2DBOX CABINET,1,,False,1,0,0,0,0,9,,,,False,0,NULL,1,0,,,1,0,0,NULL,4,,,NULL,NULL,NULL,NULL,,,,,,,,,,,,,,,,,,,edc31628-77c8-4908-933d-06af22c19a5b
49,4,NULL,1,0.5,-4.5,0,,NULL,S,S,,,49,4,False,,,,,,,,,,,,,,W307H6B9,W307H6B8,,,NULL,1,NULL,,NULL,0,NULL,NULL,NULL,NULL,8307H6BA,8307H6BD,8307H6BC,8307H6BB,3,0,0,0,,False,NULL,,49,238VOQ8D380G,,,,,,21CRJOH0C2I10,,e5086a07-05ce-4ada-bda6-bedbdc9fc88b|8109416f-bff8-4f7a-b97b-4393f36af508|0816ab46-ad71-4fe2-804b-c804120d3a7f,238IJQRNTWEF,187JIQKMR2Y8,,,,,238VOPSEPRUE,,,4,0,NULL,,,NULL,0,0,,( 3_4 ) WT - Alder Select,0.74,2,National Wood Products,,,,,,True,Build Up Material Back,,0,0,0,DRAW2DBOX CABINET,DRAW2DBOX CABINET,DRAW2DBOX CABINET,1,,False,1,0,0,0,0,8,,,,False,0,NULL,1,0,,,1,0,0,NULL,4,,,NULL,NULL,NULL,NULL,,,,,,,,,,,,,,,,,,,4c556454-b506-49b2-ad28-06af22c19b5b
16.25,4,NULL,1,13.05,-20.75,0,,NULL,S,S,,,16.25,4,False,,,,,,,,,,,,,,W307H6BF,W307H6BE,,,NULL,1,NULL,,NULL,0,NULL,NULL,NULL,NULL,8307H6BG,8307H6BJ,8307H6BI,8307H6BH,4,0,0,0,,False,NULL,,16.25,238VOQ8D38KG,,,,,,21CRJOH0C2I10,,e5086a07-05ce-4ada-bda6-bedbdc9fc88b|8109416f-bff8-4f7a-b97b-4393f36af508|0816ab46-ad71-4fe2-804b-c804120d3a7f,238IJQRNTWEF,187JIQKMR2Y8,,,,,238VOPSEPRUE,,,4,0,NULL,,,NULL,0,0,,( 3_4 ) WT - Alder Select,0.74,2,National Wood Products,,,,,,True,Build Up Material Middle,,0,0,0,DRAW2DBOX CABINET,DRAW2DBOX CABINET,DRAW2DBOX CABINET,1,,False,1,0,0,0,90,7,,,,False,0,NULL,1,0,,,1,0,0,NULL,4,,,NULL,NULL,NULL,NULL,,,,,,,,,,,,,,,,,,,15a97592-2962-4d2f-b36a-06af22c19c5a
16.25,4,NULL,1,22.1,-20.75,0,,NULL,S,S,,,16.25,4,False,,,,,,,,,,,,,,W307H6BF,W307H6BE,,,NULL,1,NULL,,NULL,0,NULL,NULL,NULL,NULL,8307H6BG,8307H6BJ,8307H6BI,8307H6BH,5,0,0,0,,False,NULL,,16.25,238VOQ8D38KG2,,,,,,21CRJOH0C2I10,,e5086a07-05ce-4ada-bda6-bedbdc9fc88b|8109416f-bff8-4f7a-b97b-4393f36af508|0816ab46-ad71-4fe2-804b-c804120d3a7f,238IJQRNTWEF,187JIQKMR2Y8,,,,,238VOPSEPRUE,,,4,0,NULL,,,NULL,0,0,,( 3_4 ) WT - Alder Select,0.74,2,National Wood Products,,,,,,True,Build Up Material Middle,,0,0,0,DRAW2DBOX CABINET,DRAW2DBOX CABINET,DRAW2DBOX CABINET,1,,False,1,0,0,0,90,6,,,,False,0,NULL,1,0,,,1,0,0,NULL,4,,,NULL,NULL,NULL,NULL,,,,,,,,,,,,,,,,,,,a1dd35e6-a1c8-437a-8047-06af22c19e5b
16.25,4,NULL,1,31.15,-20.75,0,,NULL,S,S,,,16.25,4,False,,,,,,,,,,,,,,W307H6BF,W307H6BE,,,NULL,1,NULL,,NULL,0,NULL,NULL,NULL,NULL,8307H6BG,8307H6BJ,8307H6BI,8307H6BH,6,0,0,0,,False,NULL,,16.25,238VOQ8D38KG3,,,,,,21CRJOH0C2I10,,e5086a07-05ce-4ada-bda6-bedbdc9fc88b|8109416f-bff8-4f7a-b97b-4393f36af508|0816ab46-ad71-4fe2-804b-c804120d3a7f,238IJQRNTWEF,187JIQKMR2Y8,,,,,238VOPSEPRUE,,,4,0,NULL,,,NULL,0,0,,( 3_4 ) WT - Alder Select,0.74,2,National Wood Products,,,,,,True,Build Up Material Middle,,0,0,0,DRAW2DBOX CABINET,DRAW2DBOX CABINET,DRAW2DBOX CABINET,1,,False,1,0,0,0,90,5,,,,False,0,NULL,1,0,,,1,0,0,NULL,4,,,NULL,NULL,NULL,NULL,,,,,,,,,,,,,,,,,,,7d7f9eb9-192b-43e2-822e-06af22c19edb
16.25,4,NULL,1,40.2,-20.75,0,,NULL,S,S,,,16.25,4,False,,,,,,,,,,,,,,W307H6BF,W307H6BE,,,NULL,1,NULL,,NULL,0,NULL,NULL,NULL,NULL,8307H6BG,8307H6BJ,8307H6BI,8307H6BH,7,0,0,0,,False,NULL,,16.25,238VOQ8D38KG4,,,,,,21CRJOH0C2I10,,e5086a07-05ce-4ada-bda6-bedbdc9fc88b|8109416f-bff8-4f7a-b97b-4393f36af508|0816ab46-ad71-4fe2-804b-c804120d3a7f,238IJQRNTWEF,187JIQKMR2Y8,,,,,238VOPSEPRUE,,,4,0,NULL,,,NULL,0,0,,( 3_4 ) WT - Alder Select,0.74,2,National Wood Products,,,,,,True,Build Up Material Middle,,0,0,0,DRAW2DBOX CABINET,DRAW2DBOX CABINET,DRAW2DBOX CABINET,1,,False,1,0,0,0,90,4,,,,False,0,NULL,1,0,,,1,0,0,NULL,4,,,NULL,NULL,NULL,NULL,,,,,,,,,,,,,,,,,,,11826b78-2ec2-4c66-b3b2-06af22c19f5b
34.5,25.5,NULL,4,0,0,0,,NULL,L,L,,,34.5,25.5,False,,,,,,,,,,,,,,W7H6A901,W7H6A801,,,NULL,1,NULL,,NULL,0,NULL,NULL,NULL,NULL,07H6AA01,07H6AD01,07H6AC01,07H6AB01,0,0,0,0,,False,NULL,,34.5,238VOQ8G6SDF1,,,,,,21CRJOH0C2I10,,e5086a07-05ce-4ada-bda6-bedbdc9fc88b|8109416f-bff8-4f7a-b97b-4393f36af508|0816ab46-ad71-4fe2-804b-c804120d3a7f,238IJQL6DS3F,187JIQKMR2Y8,,238VOQ8G6SDF,,,238VOPSEPRUE,,,1,0,NULL,,,NULL,0,0,,( 3_4 ) WT - Alder Select,0.74,2,National Wood Products,,,,,,True,L-Panel Return Panel Left,,0,0,0,,,,1,,False,1,0,0,-90,0,13,,,,False,0,NULL,1,0,,,1,0,0,NULL,25.5,,,NULL,NULL,NULL,NULL,,,,,,,,,,,,,,,,,,,91430897-5af4-402f-948b-06af22c21c8b
34.5,6,NULL,4,0,-25.5,0,,NULL,L R,L R,,,34.5,6,False,,,,,,,,,,,,,,W7H6A905,W7H6A805,,,NULL,1,NULL,,NULL,0,NULL,NULL,NULL,NULL,07H6AA05,07H6AD05,07H6AC05,07H6AB05,1,0,0,0,,False,NULL,,34.5,238VOQ8G6SDF5,,,,,,21CRJ1MN55T10,,8109416f-bff8-4f7a-b97b-4393f36af508,238IJQL6DS3F,187JIQKMR2Y8,,238VOQ8G6SDF,,,238VOPSEPRUE,,,8,0,NULL,,,NULL,0,0,,( 4 QTR Lumber ) - Alder - Select,0.75,3,National Wood Products,,,,,,True,L-Panel Hardwood Nosing,,0,0,0,,,,1,,False,1,0,0,-90,90,12,,,,False,0.75,NULL,1,0,,,9,0,0,NULL,6,,,NULL,NULL,NULL,NULL,,,,,,,,,,,,,,,,,,,3e1b7284-1e19-4cb7-a295-06af22c21d8b
96,3,NULL,4,0,0,0,,NULL,L,L,,,96,3,False,,,,,,,,,,,,,,W6K78F01,W6K78E01,,,NULL,1,NULL,,NULL,0,NULL,NULL,NULL,NULL,06K78G01,06K78J01,06K78I01,06K78H01,0,0,0,0,,False,NULL,,96,238VOQ8IDV9F1,,,,,,21CRJOH0C2I10,,e5086a07-05ce-4ada-bda6-bedbdc9fc88b|8109416f-bff8-4f7a-b97b-4393f36af508|0816ab46-ad71-4fe2-804b-c804120d3a7f,231CK7449HXF,187JIQKMR2Y8,,238VOQ8IDV9F,,,238VOPSEPRUE,,,1,0,NULL,,,NULL,0,0,,( 3_4 ) WT - Alder Select,0.74,2,National Wood Products,,,,,,True,Subcrown Return,,0,0,0,,,,1,,False,1,0,180,0,180,16,,,,False,0,NULL,1,0,,,1,0,0,NULL,3,,,NULL,NULL,NULL,NULL,,,,,,,,,,,,,,,,,,,33d0791d-29ab-436f-9b37-06af22c28e11
96,3.1875,NULL,4,0,-3,0,,NULL,L,L,,,96,3.1875,False,,,,,,,,,,,,,,W6K78F05,W6K78E05,,,NULL,1,NULL,,NULL,0,NULL,NULL,NULL,NULL,06K78G05,06K78J05,06K78I05,06K78H05,1,0,0,0,,False,NULL,,96,238VOQ8IDV9F5,,,,,,21CRJOH0C2I10,,e5086a07-05ce-4ada-bda6-bedbdc9fc88b|8109416f-bff8-4f7a-b97b-4393f36af508|0816ab46-ad71-4fe2-804b-c804120d3a7f,231CK7449HXF,187JIQKMR2Y8,,238VOQ8IDV9F,,,238VOPSEPRUE,,,8,0,NULL,,,NULL,0,0,,( 3_4 ) WT - Alder Select,0.74,2,National Wood Products,,,,,,True,Subcrown Face [NoDraw],,0,0,0,,,,1,,False,1,0,-90,0,180,15,,,,False,0,NULL,1,0,,,1,0,0,NULL,3.1875,,,NULL,NULL,NULL,NULL,,,,,,,,,,,,,,,,,,,6e5d91eb-85fc-4d37-8295-06af22c28f92
96,1.5,NULL,4,0,-3,0,,NULL,,,,,96,1.5,False,,,,,,,,,,,,,,W6K78F0U,W6K78E0U,,,NULL,0,NULL,,NULL,0,NULL,NULL,NULL,NULL,06K78G0U,06K78J0U,06K78I0U,06K78H0U,2,0,0,0,,False,NULL,,96,238VOQ8IDV9F30,,,,,,187VIK71BC9Y,,8109416f-bff8-4f7a-b97b-4393f36af508,231CK7449HXF,187JIQKMR2Y8,,238VOQ8IDV9F,,,238VOPSEPRUE,,,8,0,NULL,,Use this on parts that need to be processed but nothing else.,NULL,1,0,,Drawing Only,0.75,3,,,,,,,True,Subcrown Face Drawing,,0,0,0,,,,1,,False,1,0,-90,0,180,14,,,,False,0.75,NULL,1,0,,,4,0,0,NULL,1.5,,,NULL,NULL,NULL,NULL,,,,,,,,,,,,,,,,,,,60044c8b-bb24-404d-9def-06af22c29291
48,25.5,NULL,4,0,0,0,,NULL,L,L,,,48,25.5,False,,,,,,,,,,,,,,W6K77901,W6K77801,,,NULL,1,NULL,,NULL,0,NULL,NULL,NULL,NULL,06K77A01,06K77D01,06K77C01,06K77B01,0,0,0,0,,False,NULL,,48,238VOQ8LL00F1,,,,,,21CRJOH0C2I10,,e5086a07-05ce-4ada-bda6-bedbdc9fc88b|8109416f-bff8-4f7a-b97b-4393f36af508|0816ab46-ad71-4fe2-804b-c804120d3a7f,231CK79J862F,187JIQKMR2Y8,,238VOQ8LL00F,,,238VOPSEPRUE,,,1,0,NULL,,,NULL,0,0,,( 3_4 ) WT - Alder Select,0.74,2,National Wood Products,,,,,,True,Box Filler Return Panel Left,,0,0,0,,,,1,,False,1,0,0,-90,0,20,,,,False,0,NULL,1,0,,,1,0,0,NULL,25.5,,,NULL,NULL,NULL,NULL,,,,,,,,,,,,,,,,,,,ee75eb27-361a-4f55-b361-06af22c32383
48,5,NULL,4,0,-25.5,0,,NULL,L R,L R,,,48,5,False,,,,,,,,,,,,,,W6K77905,W6K77805,,,NULL,1,NULL,,NULL,0,NULL,NULL,NULL,NULL,06K77A05,06K77D05,06K77C05,06K77B05,1,0,0,0,,False,NULL,,48,238VOQ8LL00F5,,,,,,21CRJ1MN55T10,,8109416f-bff8-4f7a-b97b-4393f36af508,231CK79J862F,187JIQKMR2Y8,,238VOQ8LL00F,,,238VOPSEPRUE,,,8,0,NULL,,,NULL,0,0,,( 4 QTR Lumber ) - Alder - Select,0.75,3,National Wood Products,,,,,,True,Box Filler Hardwood Nosing,,0,0,0,,,,1,,False,1,0,0,-90,90,19,,,,False,0.75,NULL,1,0,,,9,0,0,NULL,5,,,NULL,NULL,NULL,NULL,,,,,,,,,,,,,,,,,,,32e77fd8-9ef9-4447-bb6e-06af22c32503
48,25.5,NULL,3,4.25,-25.5,0,,NULL,,,,,48,25.5,False,,,,,,,,,,,,,,W307JERX,W307JERW,,,NULL,0,NULL,,NULL,0,NULL,NULL,NULL,NULL,8307JERY,8307JES1,8307JES0,8307JERZ,2,0,0,0,,False,NULL,,48,238VOQ8NOM8F51,,,,,,187VIK71BC9Y,238VOQ8LL00F,8109416f-bff8-4f7a-b97b-4393f36af508,231CK79J862F,187JIQKMR2Y8,,238VOQ8NOM8F,,,238VOPSEPRUE,,,3M,0,NULL,,Use this on parts that need to be processed but nothing else.,NULL,1,0,,Drawing Only,0.75,3,,,,,,,True,Single Panel,,0,0,0,,,,1,,False,1,0,0,-90,180,18,,,,False,0,NULL,1,0,,,4,0,0,NULL,25.5,,,NULL,NULL,NULL,NULL,,,,,,,,,,,,,,,,,,,9b6b4f9d-29f4-446b-93be-06af22c3899d
48,25.5,NULL,1,-21.25,-29.75,0,,NULL,,,,,48,25.5,False,,,,,,,,,,,,,,W307JES3,W307JES2,,,NULL,0,NULL,,NULL,0,NULL,NULL,NULL,NULL,8307JES4,8307JES7,8307JES6,8307JES5,3,0,0,0,,False,NULL,,48,238VOQ8NOM8F77,,,,,,50051dd1-cc0d-446a-94fa-40261ecd0ff3,238VOQ8LL00F,8109416f-bff8-4f7a-b97b-4393f36af508,231CK79J862F,187JIQKMR2Y8,,238VOQ8NOM8F,,,238VOPSEPRUE,,,8,0,NULL,,,NULL,0,0,,Bywater Door,0.8125,3,,,,,,,True,RPE - Buyout,,0,0,0,,,,1,,False,1,0,0,0,0,17,,,,False,0.75,NULL,1,0,,,2,0,0,NULL,25.5,,,NULL,NULL,NULL,NULL,,,,,,,,,,,,,,,,,,,d9bc2a17-c1bc-449e-8807-06af22c3939e
48,5.125,NULL,1,0,0,0,,NULL,R M S,R M S,,,48,5.125,False,,,,,,,,,,,,,,W307H6BR,W307H6BQ,,,NULL,1,NULL,,NULL,0,NULL,NULL,NULL,NULL,8307H6BS,8307H6BV,8307H6BU,8307H6BT,1,0,0,0,,False,NULL,,48,238VOQ8PVOKG,,,,,,21CRJ3AQLAR10,,8109416f-bff8-4f7a-b97b-4393f36af508,238IJR8TVWXF,187JIQKMR2Y8,,,,,238VOPSEPRUE,,,8,0,NULL,,,NULL,0,0,,( 8 QTR Lumber ) - Alder - Select,1.75,3,National Wood Products,,,,,,True,Wood_Top_Material [NoDraw],,0,0,0,,,,1,,False,6,0,0,0,0,21,,,,False,1.625,NULL,6,0,,,9,0,0,NULL,5.125,,,NULL,NULL,NULL,NULL,,,,,,,,,,,,,,,,,,,e944930b-1ece-443b-9d17-06af22c3e4c0
30.5,24,*1W7JEOW01*,4,0,0,4,,NULL,,,,,30.5,24,False,,,,CAB EDGES PVC,,,,,,,CAB EDGES PVC,,,W7JEOX01,W7JEOW01,,,M:\Homestead_Library\Work Orders\(08-31)__Dev91_Test Ripping\B1\_PRODUCTION COACH\( 3_4 ) CBI - 55 Hard Rock Maple\W7JEOW01.mpr,1,NULL,,NULL,0,NULL,NULL,NULL,NULL,07JEOY01,07JEP101,07JEP001,07JEOZ01,0,0,0,0,,False,NULL,,30.5,238VOQ8SZ61F1,,,,,,21C7J8B9BK110,,05aa63a2-4c14-4a96-a9a6-6c5eec58ba89|e5086a07-05ce-4ada-bda6-bedbdc9fc88b|8109416f-bff8-4f7a-b97b-4393f36af508|0816ab46-ad71-4fe2-804b-c804120d3a7f,238VOPG39M1F,187JIQKMR2Y8,,238VOQ8SZ61F,,,238VOPSEPRUE,,,1,0,NULL,,,NULL,0,0,,( 3_4 ) CBI - 55 Hard Rock Maple,0.765,2,Intermountain Wood Products,,,,,,True,Base Left Side,,0,0,0,,,,1,,False,1,0,0,-90,0,31,,,,False,0,NULL,1,0,,,1,0,0,NULL,24,W7JEOW01,,0x010000006C000000C8FFFFFF0000000036040000F203000000000000000000007E8400005884000020454D4600000100A8430000A00200000200000000000000000000000000000080070000380400005602000050010000000000000000000000000000F01F0900802005002100000008000000620000000C00000001000000,NULL,NULL,NULL,,,,,,,,,,,,,,,,,,,cc3948f3-ac8a-4655-ab52-06af22c4776d
30.5,24,*4W7JEOW02*,3,36,0,4,,NULL,,,,,30.5,24,False,,,,CAB EDGES PVC,,,,,,,CAB EDGES PVC,,,W7JEOX02,W7JEOW02,,,M:\Homestead_Library\Work Orders\(08-31)__Dev91_Test Ripping\B1\_PRODUCTION COACH\( 3_4 ) CBI - 55 Hard Rock Maple\W7JEOW02.mpr,1,NULL,,NULL,0,NULL,NULL,NULL,NULL,07JEOY02,07JEP102,07JEP002,07JEOZ02,1,0,0,0,,False,NULL,,30.5,238VOQ8SZ61F2,,,,,,21C7J8B9BK110,,05aa63a2-4c14-4a96-a9a6-6c5eec58ba89|e5086a07-05ce-4ada-bda6-bedbdc9fc88b|8109416f-bff8-4f7a-b97b-4393f36af508|0816ab46-ad71-4fe2-804b-c804120d3a7f,238VOPG39M1F,187JIQKMR2Y8,,238VOQ8SZ61F,,,238VOPSEPRUE,,,2M,0,NULL,,,NULL,0,0,,( 3_4 ) CBI - 55 Hard Rock Maple,0.765,2,Intermountain Wood Products,,,,,,True,Base Right Side,,0,0,0,,,,1,,False,1,0,0,-90,0,30,,,,False,0,NULL,1,0,,,1,0,0,NULL,24,W7JEOW02,,0x010000006C000000E2FFFFFF0000000050040000F203000000000000000000007E8400005884000020454D4600000100A8430000A00200000200000000000000000000000000000080070000380400005602000050010000000000000000000000000000F01F0900802005002100000008000000620000000C00000001000000,NULL,NULL,NULL,,,,,,,,,,,,,,,,,,,49ac709a-93f3-44c7-b747-06af22c478ee
34.47,23.11,NULL,1,0.765,-24,4,,NULL,,,,,34.47,23.11,False,,,,CAB EDGES PVC,,,,,,,CAB EDGES PVC,,,W7JEOX03,W7JEOW03,,,NULL,1,NULL,,NULL,0,NULL,NULL,NULL,NULL,07JEOY03,07JEP103,07JEP003,07JEOZ03,2,0,0,0,,False,NULL,,34.47,238VOQ8SZ61F3,,,,,,21C7J8B9BK110,,05aa63a2-4c14-4a96-a9a6-6c5eec58ba89|e5086a07-05ce-4ada-bda6-bedbdc9fc88b|8109416f-bff8-4f7a-b97b-4393f36af508|0816ab46-ad71-4fe2-804b-c804120d3a7f,238VOPG39M1F,187JIQKMR2Y8,,238VOQ8SZ61F,,,238VOPSEPRUE,,,2M,0,NULL,,,NULL,0,0,,( 3_4 ) CBI - 55 Hard Rock Maple,0.765,2,Intermountain Wood Products,,,,,,True,Base Bottom,,0,0,0,,,,1,,False,1,0,0,0,0,29,,,,False,0,NULL,1,0,,,1,0,0,NULL,23.11,,W7JEOX03,NULL,NULL,0x010000006C000000EBFFFFFF0000000053040000B8030000000000000000000001840000DC83000020454D4600000100EC2B0000CF0100000200000000000000000000000000000080070000380400005602000050010000000000000000000000000000F01F0900802005002100000008000000620000000C00000001000000,NULL,,,,,,,,,,,,,,,,,,,cdee9a13-54b5-49d5-a6f6-06af22c47aed
30.25,17.875,NULL,3,0.0625,-24.125,4,,NULL,,,,,30.25,17.875,False,,,,,,,,,,,,,,W7JEPF0B,W7JEPE0B,,,NULL,0,NULL,,NULL,0,NULL,NULL,NULL,NULL,07JEPG0B,07JEPJ0B,07JEPI0B,07JEPH0B,12,0,0,0,,False,NULL,,30.25,238VOQ8XAL8F11,,,,,,50051dd1-cc0d-446a-94fa-40261ecd0ff3,,8109416f-bff8-4f7a-b97b-4393f36af508,238VOPG39M1F,187JIQKMR2Y8,,238VOQ8XAL8F,,,238VOPSEPRUE,,,3M,0,NULL,,,NULL,0,0,,Bywater Door,0.8125,3,,,,,,,True,Door Base Slab - Buyout,,0,0,0,,,,1,,False,1,0,0,-90,90,23,,,,False,0.74,NULL,1,0,,,2,0,0,NULL,17.875,,,NULL,NULL,NULL,NULL,,,,,,,,,,,,,,,,,,,4bcc25a8-541d-4a9b-8c2c-06af22c59c76
30.25,17.875,NULL,1,35.9375,-24.125,4,,NULL,,,,,30.25,17.875,False,,,,,,,,,,,,,,W7JEPL0B,W7JEPK0B,,,NULL,0,NULL,,NULL,0,NULL,NULL,NULL,NULL,07JEPM0B,07JEPP0B,07JEPO0B,07JEPN0B,13,0,0,0,,False,NULL,,30.25,238VOQ90EGDF11,,,,,,50051dd1-cc0d-446a-94fa-40261ecd0ff3,,8109416f-bff8-4f7a-b97b-4393f36af508,238VOPG39M1F,187JIQKMR2Y8,,238VOQ90EGDF,,,238VOPSEPRUE,,,1,0,NULL,,,NULL,0,0,,Bywater Door,0.8125,3,,,,,,,True,Door Base Slab - Buyout,,0,0,0,,,,1,,False,1,0,0,-90,90,22,,,,False,0.74,NULL,1,0,,,2,0,0,NULL,17.875,,,NULL,NULL,NULL,NULL,,,,,,,,,,,,,,,,,,,5df1d21c-3704-43c1-959f-06af22c622fd
80,26,*1W7JEPW01*,4,0,0,4,,NULL,,,,,80,26,False,,,,CAB EDGES PVC,,,,,,,CAB EDGES PVC,,,W7JEPX01,W7JEPW01,,,M:\Homestead_Library\Work Orders\(08-31)__Dev91_Test Ripping\B1\_PRODUCTION COACH\( 3_4 ) CBI - 55 Hard Rock Maple\W7JEPW01.mpr,1,NULL,,NULL,0,NULL,NULL,NULL,NULL,07JEPY01,07JEQ101,07JEQ001,07JEPZ01,0,0,0,0,,False,NULL,,80,238VOQ99OW2F1,,,,,,21C7J8B9BK110,,05aa63a2-4c14-4a96-a9a6-6c5eec58ba89|e5086a07-05ce-4ada-bda6-bedbdc9fc88b|8109416f-bff8-4f7a-b97b-4393f36af508|0816ab46-ad71-4fe2-804b-c804120d3a7f,238VOPPADW0F,187JIQKMR2Y8,,238VOQ99OW2F,,,238VOPSEPRUE,,,1,0,NULL,,,NULL,0,0,,( 3_4 ) CBI - 55 Hard Rock Maple,0.765,2,Intermountain Wood Products,,,,,,True,Tall Left Side,,0,0,0,,,,1,,False,1,0,0,-90,0,43,,,,False,0,NULL,1,0,,,1,0,0,NULL,26,W7JEPW01,,0x010000006C000000D3FFFFFF0000000025040000F90200000000000000000000D1810000AC81000020454D4600000100E4950000C30500000200000000000000000000000000000080070000380400005602000050010000000000000000000000000000F01F0900802005002100000008000000620000000C00000001000000,NULL,NULL,NULL,,,,,,,,,,,,,,,,,,,e624669f-96e9-42da-9504-06af22c7d7e3
80,26,*4W7JEPW02*,3,18,0,4,,NULL,,,,,80,26,False,,,,CAB EDGES PVC,,,,,,,CAB EDGES PVC,,,W7JEPX02,W7JEPW02,,,M:\Homestead_Library\Work Orders\(08-31)__Dev91_Test Ripping\B1\_PRODUCTION COACH\( 3_4 ) CBI - 55 Hard Rock Maple\W7JEPW02.mpr,1,NULL,,NULL,0,NULL,NULL,NULL,NULL,07JEPY02,07JEQ102,07JEQ002,07JEPZ02,1,0,0,0,,False,NULL,,80,238VOQ99OW2F2,,,,,,21C7J8B9BK110,,05aa63a2-4c14-4a96-a9a6-6c5eec58ba89|e5086a07-05ce-4ada-bda6-bedbdc9fc88b|8109416f-bff8-4f7a-b97b-4393f36af508|0816ab46-ad71-4fe2-804b-c804120d3a7f,238VOPPADW0F,187JIQKMR2Y8,,238VOQ99OW2F,,,238VOPSEPRUE,,,2M,0,NULL,,,NULL,0,0,,( 3_4 ) CBI - 55 Hard Rock Maple,0.765,2,Intermountain Wood Products,,,,,,True,Tall Right Side,,0,0,0,,,,1,,False,1,0,0,-90,0,42,,,,False,0,NULL,1,0,,,1,0,0,NULL,26,W7JEPW02,,0x010000006C000000EAFFFFFF000000003C040000F90200000000000000000000D1810000AC81000020454D4600000100C48C00006B0500000200000000000000000000000000000080070000380400005602000050010000000000000000000000000000F01F0900802005002100000008000000620000000C00000001000000,NULL,NULL,NULL,,,,,,,,,,,,,,,,,,,e34ef831-3b8f-4812-97ad-06af22c7df63
16.47,25.11,NULL,1,0.765,-26,4,,NULL,,,,,16.47,25.11,False,,,,CAB EDGES PVC,,,,,,,CAB EDGES PVC,,,W7JEPX03,W7JEPW03,,,NULL,1,NULL,,NULL,0,NULL,NULL,NULL,NULL,07JEPY03,07JEQ103,07JEQ003,07JEPZ03,2,0,0,0,,False,NULL,,16.47,238VOQ99OW2F3,,,,,,21C7J8B9BK110,,05aa63a2-4c14-4a96-a9a6-6c5eec58ba89|e5086a07-05ce-4ada-bda6-bedbdc9fc88b|8109416f-bff8-4f7a-b97b-4393f36af508|0816ab46-ad71-4fe2-804b-c804120d3a7f,238VOPPADW0F,187JIQKMR2Y8,,238VOQ99OW2F,,,238VOPSEPRUE,,,2M,0,NULL,,,NULL,0,0,,( 3_4 ) CBI - 55 Hard Rock Maple,0.765,2,Intermountain Wood Products,,,,,,True,Tall Bottom,,0,0,0,,,,1,,False,1,0,0,0,0,41,,,,False,0,NULL,1,0,,,1,0,0,NULL,25.11,,W7JEPX03,NULL,NULL,0x010000006C00000000000000EBFFFFFFA8030000510400000000000000000000C38300009D83000020454D46000001000C280000A30100000200000000000000000000000000000080070000380400005602000050010000000000000000000000000000F01F0900802005002100000008000000620000000C00000001000000,NULL,,,,,,,,,,,,,,,,,,,86fe3b81-02cc-4ecd-a0e8-06af22c7e8e4
16.4075,24.7162992125984,NULL,3,0.79625,-0.89000000000000057,70.1668051181102,,NULL,,,,,16.4075,24.7162992125984,False,,,,EB - ESI 4469G (Kensington Maple) - 1mm,,,,,,,EB - ESI 4469G (Kensington Maple) - 1mm,,,W7JEQ902,W7JEQ802,,,NULL,1,NULL,,NULL,0,NULL,NULL,NULL,NULL,07JEQA02,07JEQD02,07JEQC02,07JEQB02,7,0,0,0,,False,NULL,,16.4075,238VOQ9DVSFF2,,,,,,21C7J8B9BK110,,e5086a07-05ce-4ada-bda6-bedbdc9fc88b|8109416f-bff8-4f7a-b97b-4393f36af508|0816ab46-ad71-4fe2-804b-c804120d3a7f,238VOPPADW0F,187JIQKMR2Y8,,238VOQ9DVSFF,,,238VOPSEPRUE,,,1,0,NULL,,,NULL,0,0,,( 3_4 ) CBI - 55 Hard Rock Maple,0.765,2,Intermountain Wood Products,,,,,,True,Tall Adj Shelf,,0,0,0,,,,1,,False,1,0,0,0,0,36,,,,False,0,NULL,1,0,,,1,0,0,NULL,24.7162992125984,,,NULL,NULL,NULL,NULL,,,,,,,,,,,,,,,,,,,1eeee42d-21bf-4fd4-9277-06af22c89f7b
16.4075,24.7162992125984,NULL,3,0.79625,-0.89000000000000057,17.9513051181102,,NULL,,,,,16.4075,24.7162992125984,False,,,,EB - ESI 4469G (Kensington Maple) - 1mm,,,,,,,EB - ESI 4469G (Kensington Maple) - 1mm,,,W7JEQF01,W7JEQE01,,,NULL,1,NULL,,NULL,0,NULL,NULL,NULL,NULL,07JEQG01,07JEQJ01,07JEQI01,07JEQH01,8,0,0,0,,False,NULL,,16.4075,238VOQ9F038F1,,,,,,21C7J8B9BK110,,e5086a07-05ce-4ada-bda6-bedbdc9fc88b|8109416f-bff8-4f7a-b97b-4393f36af508|0816ab46-ad71-4fe2-804b-c804120d3a7f,238VOPPADW0F,187JIQKMR2Y8,,238VOQ9F038F,,,238VOPSEPRUE,,,1,0,NULL,,,NULL,0,0,,( 3_4 ) CBI - 55 Hard Rock Maple,0.765,2,Intermountain Wood Products,,,,,,True,Tall Adj Shelf,,0,0,0,,,,1,,False,1,0,0,0,0,35,,,,False,0,NULL,1,0,,,1,0,0,NULL,24.7162992125984,,,NULL,NULL,NULL,NULL,,,,,,,,,,,,,,,,,,,50547a4c-b478-468b-9ebd-06af22c8f37b
16.4075,24.7162992125984,NULL,3,0.79625,-0.89000000000000057,30.5493051181102,,NULL,,,,,16.4075,24.7162992125984,False,,,,EB - ESI 4469G (Kensington Maple) - 1mm,,,,,,,EB - ESI 4469G (Kensington Maple) - 1mm,,,W7JEQF02,W7JEQE02,,,NULL,1,NULL,,NULL,0,NULL,NULL,NULL,NULL,07JEQG02,07JEQJ02,07JEQI02,07JEQH02,9,0,0,0,,False,NULL,,16.4075,238VOQ9F038F2,,,,,,21C7J8B9BK110,,e5086a07-05ce-4ada-bda6-bedbdc9fc88b|8109416f-bff8-4f7a-b97b-4393f36af508|0816ab46-ad71-4fe2-804b-c804120d3a7f,238VOPPADW0F,187JIQKMR2Y8,,238VOQ9F038F,,,238VOPSEPRUE,,,1,0,NULL,,,NULL,0,0,,( 3_4 ) CBI - 55 Hard Rock Maple,0.765,2,Intermountain Wood Products,,,,,,True,Tall Adj Shelf,,0,0,0,,,,1,,False,1,0,0,0,0,34,,,,False,0,NULL,1,0,,,1,0,0,NULL,24.7162992125984,,,NULL,NULL,NULL,NULL,,,,,,,,,,,,,,,,,,,21293fca-a0e2-4890-b832-06af22c8f57a
39.9375,17.875,NULL,3,0.0625,-26.125,44.0625,,NULL,,,,,39.9375,17.875,False,,,,,,,,,,,,,,W307JES9,W307JES8,,,NULL,0,NULL,,NULL,0,NULL,NULL,NULL,NULL,8307JESA,8307JESD,8307JESC,8307JESB,14,0,0,0,,False,NULL,,39.9375,238VOQ9JAN1F11,,,,,,50051dd1-cc0d-446a-94fa-40261ecd0ff3,238VOQ9H7BRF,8109416f-bff8-4f7a-b97b-4393f36af508,238VOPPADW0F,187JIQKMR2Y8,,238VOQ9JAN1F,,,238VOPSEPRUE,,,3M,0,NULL,,,NULL,0,0,,Bywater Door,0.8125,3,,,,,,,True,Door Upper Slab - Buyout,,0,0,0,,,,1,,False,1,0,0,-90,90,33,,,,False,0.74,NULL,1,0,,,2,0,0,NULL,17.875,,,NULL,NULL,NULL,NULL,,,,,,,,,,,,,,,,,,,826cd1cb-24d5-48af-85c4-06af22c9cd3c
39.9375,17.875,NULL,3,0.0625,-26.125,3.9999999999999996,,NULL,,,,,39.9375,17.875,False,,,,,,,,,,,,,,W307JESF,W307JESE,,,NULL,0,NULL,,NULL,0,NULL,NULL,NULL,NULL,8307JESG,8307JESJ,8307JESI,8307JESH,15,0,0,0,,False,NULL,,39.9375,238VOQ9NHTGF11,,,,,,50051dd1-cc0d-446a-94fa-40261ecd0ff3,238VOQ9LEIAF,8109416f-bff8-4f7a-b97b-4393f36af508,238VOPPADW0F,187JIQKMR2Y8,,238VOQ9NHTGF,,,238VOPSEPRUE,,,3M,0,NULL,,,NULL,0,0,,Bywater Door,0.8125,3,,,,,,,True,Door Base Slab - Buyout,,0,0,0,,,,1,,False,1,0,0,-90,90,32,,,,False,0.74,NULL,1,0,,,2,0,0,NULL,17.875,,,NULL,NULL,NULL,NULL,,,,,,,,,,,,,,,,,,,a5ea0398-e56d-4fa1-820a-06af22ca8dbc
34.47,5.03937007874016,NULL,2,0.765,-24,34.5,,NULL,,,,,34.47,5.03937007874016,False,,,,CAB EDGES PVC,,,,,,,CAB EDGES PVC,,,W7JEOX07,W7JEOW07,,,NULL,1,NULL,,NULL,0,NULL,NULL,NULL,NULL,07JEOY07,07JEP107,07JEP007,07JEOZ07,3,0,0,0,,False,NULL,,34.47,238VOQ8SZ61F7,,,,,,21C7J8B9BK110,,e5086a07-05ce-4ada-bda6-bedbdc9fc88b|8109416f-bff8-4f7a-b97b-4393f36af508|0816ab46-ad71-4fe2-804b-c804120d3a7f,238VOPG39M1F,187JIQKMR2Y8,,238VOQ8SZ61F,,,238VOPSEPRUE,,,1,0,NULL,,,NULL,0,0,,( 3_4 ) CBI - 55 Hard Rock Maple,0.765,2,Intermountain Wood Products,,,,,,True,Base Front Stretcher,,0,0,0,,,,1,,False,1,0,0,0,0,28,,,,False,0,NULL,1,0,,,1,0,0,NULL,5.03937007874016,W7JEOW07,,0x010000006C000000D8FFFFFF0000000020040000970200000000000000000000D7800000B380000020454D4600000100FC0F0000B10000000200000000000000000000000000000080070000380400005602000050010000000000000000000000000000F01F0900802005002100000008000000620000000C00000001000000,NULL,NULL,NULL,,,,,,,,,,,,,,,,,,,900ac163-4e45-48ff-8fd7-06af22c47c6e
34.47,5.03937007874016,NULL,4,0.765,-0.89,34.5,,NULL,,,,,34.47,5.03937007874016,False,,,,,,,,,,,,,,W7JEOX08,W7JEOW08,,,NULL,1,NULL,,NULL,0,NULL,NULL,NULL,NULL,07JEOY08,07JEP108,07JEP008,07JEOZ08,4,0,0,0,,False,NULL,,34.47,238VOQ8SZ61F8,,,,,,21C7J8B9BK110,,e5086a07-05ce-4ada-bda6-bedbdc9fc88b|8109416f-bff8-4f7a-b97b-4393f36af508|0816ab46-ad71-4fe2-804b-c804120d3a7f,238VOPG39M1F,187JIQKMR2Y8,,238VOQ8SZ61F,,,238VOPSEPRUE,,,1,0,NULL,,,NULL,0,0,,( 3_4 ) CBI - 55 Hard Rock Maple,0.765,2,Intermountain Wood Products,,,,,,True,Base Rear Stretcher,,0,0,0,,,,1,,False,1,0,0,0,0,27,,,,False,0,NULL,1,0,,,1,0,0,NULL,5.03937007874016,W7JEOW08,,0x010000006C000000D8FFFFFF0000000020040000950200000000000000000000D7800000B380000020454D4600000100EC110000C70000000200000000000000000000000000000080070000380400005602000050010000000000000000000000000000F01F0900802005002100000008000000620000000C00000001000000,NULL,NULL,NULL,,,,,,,,,,,,,,,,,,,ee7422a7-4a02-4419-8186-06af22c4806e
30.5,34.97,NULL,3,0.515,-0.125,4,,NULL,,,,,30.5,34.97,False,,,,,,,,,,,,,,W7JEOX0A,W7JEOW0A,,,NULL,1,NULL,,NULL,0,NULL,NULL,NULL,NULL,07JEOY0A,07JEP10A,07JEP00A,07JEOZ0A,5,0,0,0,,False,NULL,,30.5,238VOQ8SZ61F10,,,,,,21C7J8B9BK110,,05aa63a2-4c14-4a96-a9a6-6c5eec58ba89|e5086a07-05ce-4ada-bda6-bedbdc9fc88b|8109416f-bff8-4f7a-b97b-4393f36af508|0816ab46-ad71-4fe2-804b-c804120d3a7f,238VOPG39M1F,187JIQKMR2Y8,,238VOQ8SZ61F,,,238VOPSEPRUE,,,4,0,NULL,,,NULL,0,0,,( 3_4 ) CBI - 55 Hard Rock Maple,0.765,2,Intermountain Wood Products,,,,,,True,Base Thick Back,,0,0,0,,,,1,,False,1,0,0,-90,90,26,,,,False,0,NULL,1,0,,,1,0,0,NULL,34.97,,W7JEOX0A,NULL,NULL,0x010000006C00000000000000EAFFFFFF070400005E0400000000000000000000398500001385000020454D46000001001C190000090100000200000000000000000000000000000080070000380400005602000050010000000000000000000000000000F01F0900802005002100000008000000620000000C00000001000000,NULL,,,,,,,,,,,,,,,,,,,b9c4849e-f0b1-47e4-b41b-06af22c4816d
34.4075,22.7162992125984,NULL,3,0.79625,-0.89000000000000057,13.63995511811024,,NULL,,,,,34.4075,22.7162992125984,False,,,,EB - ESI 4469G (Kensington Maple) - 1mm,,,,,,,EB - ESI 4469G (Kensington Maple) - 1mm,,,W7JEP301,W7JEP201,,,NULL,1,NULL,,NULL,0,NULL,NULL,NULL,NULL,07JEP401,07JEP701,07JEP601,07JEP501,6,0,0,0,,False,NULL,,34.4075,238VOQ8U3CPF1,,,,,,21C7J8B9BK110,,e5086a07-05ce-4ada-bda6-bedbdc9fc88b|8109416f-bff8-4f7a-b97b-4393f36af508|0816ab46-ad71-4fe2-804b-c804120d3a7f,238VOPG39M1F,187JIQKMR2Y8,,238VOQ8U3CPF,,,238VOPSEPRUE,,,1,0,NULL,,,NULL,0,0,,( 3_4 ) CBI - 55 Hard Rock Maple,0.765,2,Intermountain Wood Products,,,,,,True,Base Adj Shelf,,0,0,0,,,,1,,False,1,0,0,0,0,25,,,,False,0,NULL,1,0,,,1,0,0,NULL,22.7162992125984,,,NULL,NULL,NULL,NULL,,,,,,,,,,,,,,,,,,,4e47b03e-e454-481c-96a6-06af22c4d86a
34.4075,22.7162992125984,NULL,3,0.79625,-0.89000000000000057,22.4585551181102,,NULL,,,,,34.4075,22.7162992125984,False,,,,EB - ESI 4469G (Kensington Maple) - 1mm,,,,,,,EB - ESI 4469G (Kensington Maple) - 1mm,,,W7JEP302,W7JEP202,,,NULL,1,NULL,,NULL,0,NULL,NULL,NULL,NULL,07JEP402,07JEP702,07JEP602,07JEP502,7,0,0,0,,False,NULL,,34.4075,238VOQ8U3CPF2,,,,,,21C7J8B9BK110,,e5086a07-05ce-4ada-bda6-bedbdc9fc88b|8109416f-bff8-4f7a-b97b-4393f36af508|0816ab46-ad71-4fe2-804b-c804120d3a7f,238VOPG39M1F,187JIQKMR2Y8,,238VOQ8U3CPF,,,238VOPSEPRUE,,,1,0,NULL,,,NULL,0,0,,( 3_4 ) CBI - 55 Hard Rock Maple,0.765,2,Intermountain Wood Products,,,,,,True,Base Adj Shelf,,0,0,0,,,,1,,False,1,0,0,0,0,24,,,,False,0,NULL,1,0,,,1,0,0,NULL,22.7162992125984,,,NULL,NULL,NULL,NULL,,,,,,,,,,,,,,,,,,,c126c7cd-12da-469b-ac58-06af22c4da6b
34.5,5,NULL,4,0,-45,0,,NULL,L R,L R,,,34.5,5,False,,,,,,,,,,,,,,W7J8I305,W7J8I205,,,NULL,1,NULL,,NULL,0,NULL,NULL,NULL,NULL,07J8I405,07J8I705,07J8I605,07J8I505,0,0,0,0,,False,NULL,,34.5,238VOQ9RSL4F5,,,,,,21CRJ1MN55T10,,8109416f-bff8-4f7a-b97b-4393f36af508,238VMH164Z5F,187JIQKMR2Y8,,238VOQ9RSL4F,,,238VOPSEPRUE,,,8,0,NULL,,,NULL,0,0,,( 4 QTR Lumber ) - Alder - Select,0.75,3,National Wood Products,,,,,,True,L-Panel Hardwood Nosing,,0,0,0,,,,1,,False,1,0,0,-90,90,56,,,,False,0.75,NULL,1,0,,,9,0,0,NULL,5,,,NULL,NULL,NULL,NULL,,,,,,,,,,,,,,,,,,,d21858e3-c569-490b-841c-06af22cb55bc
34.5,3,NULL,3,0.75,0,0,,NULL,,,,,34.5,3,False,,,,,,,,,,,,,,W307JESL,W307JESK,,,NULL,0,NULL,,NULL,0,NULL,NULL,NULL,NULL,8307JESM,8307JESP,8307JESO,8307JESN,1,0,0,0,,False,NULL,,34.5,238VOQ9TW6LF1,,,,,,187VIK71BC9Y,238VOQ9RSL4F,8109416f-bff8-4f7a-b97b-4393f36af508,238VMH164Z5F,187JIQKMR2Y8,,238VOQ9TW6LF,,,238VOPSEPRUE,,,3M,0,NULL,,Use this on parts that need to be processed but nothing else.,NULL,1,0,,Drawing Only,0.75,3,,,,,,,True,Door Left Stile,,0,0,0,,,,1,,False,1,0,0,-90,360,55,,,,False,0.75,NULL,1,0,,,4,0,0,NULL,3,,,NULL,NULL,NULL,NULL,,,,,,,,,,,,,,,,,,,1f1de030-9d85-4190-9d33-06af22cbb57c
34.5,3,NULL,1,0.74999999999999178,-45,0,,NULL,,,,,34.5,3,False,,,,,,,,,,,,,,W307JESR,W307JESQ,,,NULL,0,NULL,,NULL,0,NULL,NULL,NULL,NULL,8307JESS,8307JESV,8307JESU,8307JEST,2,0,0,0,,False,NULL,,34.5,238VOQ9TW6LF2,,,,,,187VIK71BC9Y,238VOQ9RSL4F,8109416f-bff8-4f7a-b97b-4393f36af508,238VMH164Z5F,187JIQKMR2Y8,,238VOQ9TW6LF,,,238VOPSEPRUE,,,8,0,NULL,,Use this on parts that need to be processed but nothing else.,NULL,1,0,,Drawing Only,0.75,3,,,,,,,True,Door Right Stile,,0,0,0,,,,1,,False,1,0,0,-90,360,54,,,,False,0.75,NULL,1,0,,,4,0,0,NULL,3,,,NULL,NULL,NULL,NULL,,,,,,,,,,,,,,,,,,,54b5eca0-38fa-47b1-b018-06af22cbc1ba
39,3,NULL,3,0.74999999999999944,-3,34.5,,NULL,,,,,39,3,False,,,,,,,,,,,,,,W307JESX,W307JESW,,,NULL,0,NULL,,NULL,0,NULL,NULL,NULL,NULL,8307JESY,8307JET1,8307JET0,8307JESZ,3,0,0,0,,False,NULL,,39,238VOQ9TW6LF3,,,,,,187VIK71BC9Y,238VOQ9RSL4F,8109416f-bff8-4f7a-b97b-4393f36af508,238VMH164Z5F,187JIQKMR2Y8,,238VOQ9TW6LF,,,238VOPSEPRUE,,,8,0,NULL,,Use this on parts that need to be processed but nothing else.,NULL,1,0,,Drawing Only,0.75,3,,,,,,,True,Door Top Rail,,0,0,0,,,,1,,False,1,0,90,0,270,53,,,,False,0.75,NULL,1,0,,,4,0,0,NULL,3,,,NULL,NULL,NULL,NULL,,,,,,,,,,,,,,,,,,,749d3032-8520-434e-9a85-06af22cbcb3a
39,5,NULL,1,0.74999999999999944,-3,0,,NULL,,,,,39,5,False,,,,,,,,,,,,,,W307JET3,W307JET2,,,NULL,0,NULL,,NULL,0,NULL,NULL,NULL,NULL,8307JET4,8307JET7,8307JET6,8307JET5,4,0,0,0,,False,NULL,,39,238VOQ9TW6LF4,,,,,,187VIK71BC9Y,238VOQ9RSL4F,8109416f-bff8-4f7a-b97b-4393f36af508,238VMH164Z5F,187JIQKMR2Y8,,238VOQ9TW6LF,,,238VOPSEPRUE,,,8,0,NULL,,Use this on parts that need to be processed but nothing else.,NULL,1,0,,Drawing Only,0.75,3,,,,,,,True,Door Bottom Rail,,0,0,0,,,,1,,False,1,0,90,0,270,52,,,,False,0.75,NULL,1,0,,,4,0,0,NULL,5,,,NULL,NULL,NULL,NULL,,,,,,,,,,,,,,,,,,,c3334c14-194b-4776-bd57-06af22cbd2e5
16.47,25.11,NULL,2,0.765,-26,84,,NULL,,,,,16.47,25.11,False,,,,CAB EDGES PVC,,,,,,,CAB EDGES PVC,,,W7JEPX04,W7JEPW04,,,NULL,1,NULL,,NULL,0,NULL,NULL,NULL,NULL,07JEPY04,07JEQ104,07JEQ004,07JEPZ04,3,0,0,0,,False,NULL,,16.47,238VOQ99OW2F4,,,,,,21C7J8B9BK110,,e5086a07-05ce-4ada-bda6-bedbdc9fc88b|8109416f-bff8-4f7a-b97b-4393f36af508|0816ab46-ad71-4fe2-804b-c804120d3a7f,238VOPPADW0F,187JIQKMR2Y8,,238VOQ99OW2F,,,238VOPSEPRUE,,,1,0,NULL,,,NULL,0,0,,( 3_4 ) CBI - 55 Hard Rock Maple,0.765,2,Intermountain Wood Products,,,,,,True,Tall Top,,0,0,0,,,,1,,False,1,0,0,0,0,40,,,,False,0,NULL,1,0,,,1,0,0,NULL,25.11,W7JEPW04,,0x010000006C00000000000000EBFFFFFF88030000510400000000000000000000C38300009D83000020454D4600000100CC150000F30000000200000000000000000000000000000080070000380400005602000050010000000000000000000000000000F01F0900802005002100000008000000620000000C00000001000000,NULL,NULL,NULL,,,,,,,,,,,,,,,,,,,06933a3a-b985-46b4-85ee-06af22c7f2e3
80,16.97,NULL,3,0.515,-0.125,4,,NULL,,,,,80,16.97,False,,,,,,,,,,,,,,W7JEPX06,W7JEPW06,,,NULL,1,NULL,,NULL,0,NULL,NULL,NULL,NULL,07JEPY06,07JEQ106,07JEQ006,07JEPZ06,4,0,0,0,,False,NULL,,80,238VOQ99OW2F6,,,,,,21C7J8B9BK110,,05aa63a2-4c14-4a96-a9a6-6c5eec58ba89|e5086a07-05ce-4ada-bda6-bedbdc9fc88b|8109416f-bff8-4f7a-b97b-4393f36af508|0816ab46-ad71-4fe2-804b-c804120d3a7f,238VOPPADW0F,187JIQKMR2Y8,,238VOQ99OW2F,,,238VOPSEPRUE,,,4,0,NULL,,,NULL,0,0,,( 3_4 ) CBI - 55 Hard Rock Maple,0.765,2,Intermountain Wood Products,,,,,,True,Tall Thick Back,,0,0,0,,,,1,,False,1,0,0,-90,90,39,,,,False,0,NULL,1,0,,,1,0,0,NULL,16.97,,W7JEPX06,NULL,NULL,0x010000006C000000D9FFFFFF0000000024040000B7020000000000000000000016810000F180000020454D4600000100081F0000560100000200000000000000000000000000000080070000380400005602000050010000000000000000000000000000F01F0900802005002100000008000000620000000C00000001000000,NULL,,,,,,,,,,,,,,,,,,,dc477f2d-ac2d-4e9f-8482-06af22c7fa63
16.47,25.11,NULL,1,0.765,-26,43.6175,,NULL,,,,,16.47,25.11,False,,,,CAB EDGES PVC,,,,,,,CAB EDGES PVC,,,W7JEQ301,W7JEQ201,,,NULL,1,NULL,,NULL,0,NULL,NULL,NULL,NULL,07JEQ401,07JEQ701,07JEQ601,07JEQ501,5,0,0,0,,False,NULL,,16.47,238VOQ9CSF5F1,,,,,,21C7J8B9BK110,,e5086a07-05ce-4ada-bda6-bedbdc9fc88b|8109416f-bff8-4f7a-b97b-4393f36af508|0816ab46-ad71-4fe2-804b-c804120d3a7f,238VOPPADW0F,187JIQKMR2Y8,,238VOQ9CSF5F,,,238VOPSEPRUE,,,2M,0,NULL,,,NULL,0,0,,( 3_4 ) CBI - 55 Hard Rock Maple,0.765,2,Intermountain Wood Products,,,,,,True,Tall Fixed Shelf,,0,0,0,,,,1,,False,1,0,0,0,0,38,,,,False,0,NULL,1,0,,,1,0,0,NULL,25.11,W7JEQ201,,0x010000006C00000000000000EBFFFFFFA8030000510400000000000000000000C38300009D83000020454D4600000100B4180000140100000200000000000000000000000000000080070000380400005602000050010000000000000000000000000000F01F0900802005002100000008000000620000000C00000001000000,NULL,NULL,NULL,,,,,,,,,,,,,,,,,,,64392a2d-d3cc-47af-be76-06af22c84efb
16.4075,24.7162992125984,NULL,3,0.79625,-0.89000000000000057,57.5688051181102,,NULL,,,,,16.4075,24.7162992125984,False,,,,EB - ESI 4469G (Kensington Maple) - 1mm,,,,,,,EB - ESI 4469G (Kensington Maple) - 1mm,,,W7JEQ901,W7JEQ801,,,NULL,1,NULL,,NULL,0,NULL,NULL,NULL,NULL,07JEQA01,07JEQD01,07JEQC01,07JEQB01,6,0,0,0,,False,NULL,,16.4075,238VOQ9DVSFF1,,,,,,21C7J8B9BK110,,e5086a07-05ce-4ada-bda6-bedbdc9fc88b|8109416f-bff8-4f7a-b97b-4393f36af508|0816ab46-ad71-4fe2-804b-c804120d3a7f,238VOPPADW0F,187JIQKMR2Y8,,238VOQ9DVSFF,,,238VOPSEPRUE,,,1,0,NULL,,,NULL,0,0,,( 3_4 ) CBI - 55 Hard Rock Maple,0.765,2,Intermountain Wood Products,,,,,,True,Tall Adj Shelf,,0,0,0,,,,1,,False,1,0,0,0,0,37,,,,False,0,NULL,1,0,,,1,0,0,NULL,24.7162992125984,,,NULL,NULL,NULL,NULL,,,,,,,,,,,,,,,,,,,6cf02fe5-a77e-49ee-a2da-06af22c89d7c
26.5,3,NULL,3,0.74999999999999611,-21,5,,NULL,,,,,26.5,3,False,,,,,,,,,,,,,,W307JET9,W307JET8,,,NULL,0,NULL,,NULL,0,NULL,NULL,NULL,NULL,8307JETA,8307JETD,8307JETC,8307JETB,5,0,0,0,,False,NULL,,26.5,238VOQ9TW6LF5,,,,,,187VIK71BC9Y,238VOQ9RSL4F,8109416f-bff8-4f7a-b97b-4393f36af508,238VMH164Z5F,187JIQKMR2Y8,,238VOQ9TW6LF,,,238VOPSEPRUE,,,3M,0,NULL,,Use this on parts that need to be processed but nothing else.,NULL,1,0,,Drawing Only,0.75,3,,,,,,,True,Door Mid Stile 1,,0,0,0,,,,1,,False,1,0,0,-90,360,51,,,,False,0.75,NULL,1,0,,,4,0,0,NULL,3,,,NULL,NULL,NULL,NULL,,,,,,,,,,,,,,,,,,,f7be881a-58d5-4609-9c0b-06af22cbda65
18,3,NULL,1,0.74999999999999944,-3,16.75,,NULL,,,,,18,3,False,,,,,,,,,,,,,,W307JETF,W307JETE,,,NULL,0,NULL,,NULL,0,NULL,NULL,NULL,NULL,8307JETG,8307JETJ,8307JETI,8307JETH,6,0,0,0,,False,NULL,,18,238VOQ9TW6LF9,,,,,,187VIK71BC9Y,238VOQ9RSL4F,8109416f-bff8-4f7a-b97b-4393f36af508,238VMH164Z5F,187JIQKMR2Y8,,238VOQ9TW6LF,,,238VOPSEPRUE,,,8,0,NULL,,Use this on parts that need to be processed but nothing else.,NULL,1,0,,Drawing Only,0.75,3,,,,,,,True,Door Mid Rail 1 x 1,,0,0,0,,,,1,,False,1,0,90,0,270,50,,,,False,0.75,NULL,1,0,,,4,0,0,NULL,3,,,NULL,NULL,NULL,NULL,,,,,,,,,,,,,,,,,,,cb8cd7a9-17be-4573-ab3a-06af22cbe1e5
18,3,NULL,1,0.74999999999999556,-24,16.75,,NULL,,,,,18,3,False,,,,,,,,,,,,,,W307JETL,W307JETK,,,NULL,0,NULL,,NULL,0,NULL,NULL,NULL,NULL,8307JETM,8307JETP,8307JETO,8307JETN,7,0,0,0,,False,NULL,,18,238VOQ9TW6LF13,,,,,,187VIK71BC9Y,238VOQ9RSL4F,8109416f-bff8-4f7a-b97b-4393f36af508,238VMH164Z5F,187JIQKMR2Y8,,238VOQ9TW6LF,,,238VOPSEPRUE,,,8,0,NULL,,Use this on parts that need to be processed but nothing else.,NULL,1,0,,Drawing Only,0.75,3,,,,,,,True,Door Mid Rail 2 x 1,,0,0,0,,,,1,,False,1,0,90,0,270,49,,,,False,0.75,NULL,1,0,,,4,0,0,NULL,3,,,NULL,NULL,NULL,NULL,,,,,,,,,,,,,,,,,,,eff55230-64c4-4a4a-9d20-06af22cbeae5
11.75,18,NULL,3,0.31337300000000173,-3.0000000000000004,5,,NULL,,,,,11.75,18,False,,,,,,,,,,,,,,W307JETR,W307JETQ,,,NULL,0,NULL,,NULL,0,NULL,NULL,NULL,NULL,8307JETS,8307JETV,8307JETU,8307JETT,8,0,0,0,,False,NULL,,11.75,238VOQ9TW6LF52,,,,,,187VIK71BC9Y,238VOQ9RSL4F,8109416f-bff8-4f7a-b97b-4393f36af508,238VMH164Z5F,187JIQKMR2Y8,,238VOQ9TW6LF,,,238VOPSEPRUE,,,8,0,NULL,,Use this on parts that need to be processed but nothing else.,NULL,1,0,,Drawing Only,0.75,3,,,,,,,True,Door Panel 1 x 1,,0,0,0,,,,1,,False,1,0,0,-90,360,48,,,,False,0,NULL,1,0,,,4,0,0,NULL,18,,,NULL,NULL,NULL,NULL,,,,,,,,,,,,,,,,,,,cbc74fa1-e065-4ac4-bbe1-06af22cbf265
11.75,18,NULL,3,0.31337300000000173,-3.0000000000000004,19.75,,NULL,,,,,11.75,18,False,,,,,,,,,,,,,,W307JETX,W307JETW,,,NULL,0,NULL,,NULL,0,NULL,NULL,NULL,NULL,8307JETY,8307JEU1,8307JEU0,8307JETZ,9,0,0,0,,False,NULL,,11.75,238VOQ9TW6LF53,,,,,,187VIK71BC9Y,238VOQ9RSL4F,8109416f-bff8-4f7a-b97b-4393f36af508,238VMH164Z5F,187JIQKMR2Y8,,238VOQ9TW6LF,,,238VOPSEPRUE,,,8,0,NULL,,Use this on parts that need to be processed but nothing else.,NULL,1,0,,Drawing Only,0.75,3,,,,,,,True,Door Panel 1 x 2,,0,0,0,,,,1,,False,1,0,0,-90,360,47,,,,False,0,NULL,1,0,,,4,0,0,NULL,18,,,NULL,NULL,NULL,NULL,,,,,,,,,,,,,,,,,,,adaecade-398f-44ce-893f-06af22cbf9e5
11.75,18,NULL,3,0.31337299999995266,-24,5,,NULL,,,,,11.75,18,False,,,,,,,,,,,,,,W307JEU3,W307JEU2,,,NULL,0,NULL,,NULL,0,NULL,NULL,NULL,NULL,8307JEU4,8307JEU7,8307JEU6,8307JEU5,10,0,0,0,,False,NULL,,11.75,238VOQ9TW6LF57,,,,,,187VIK71BC9Y,238VOQ9RSL4F,8109416f-bff8-4f7a-b97b-4393f36af508,238VMH164Z5F,187JIQKMR2Y8,,238VOQ9TW6LF,,,238VOPSEPRUE,,,8,0,NULL,,Use this on parts that need to be processed but nothing else.,NULL,1,0,,Drawing Only,0.75,3,,,,,,,True,Door Panel 2 x 1,,0,0,0,,,,1,,False,1,0,0,-90,360,46,,,,False,0,NULL,1,0,,,4,0,0,NULL,18,,,NULL,NULL,NULL,NULL,,,,,,,,,,,,,,,,,,,74db8b8b-556c-4545-8d48-06af22cc02e5
11.75,18,NULL,3,0.31337299999995266,-24,19.75,,NULL,,,,,11.75,18,False,,,,,,,,,,,,,,W307JEU9,W307JEU8,,,NULL,0,NULL,,NULL,0,NULL,NULL,NULL,NULL,8307JEUA,8307JEUD,8307JEUC,8307JEUB,11,0,0,0,,False,NULL,,11.75,238VOQ9TW6LF58,,,,,,187VIK71BC9Y,238VOQ9RSL4F,8109416f-bff8-4f7a-b97b-4393f36af508,238VMH164Z5F,187JIQKMR2Y8,,238VOQ9TW6LF,,,238VOPSEPRUE,,,8,0,NULL,,Use this on parts that need to be processed but nothing else.,NULL,1,0,,Drawing Only,0.75,3,,,,,,,True,Door Panel 2 x 2,,0,0,0,,,,1,,False,1,0,0,-90,360,45,,,,False,0,NULL,1,0,,,4,0,0,NULL,18,,,NULL,NULL,NULL,NULL,,,,,,,,,,,,,,,,,,,c403389b-7f01-4b51-84b2-06af22cc0ae5
34.5,45,NULL,1,0.75000000000000022,0.75,0,,NULL,,,,,34.5,45,False,,,,,,,,,,,,,,W307JEUF,W307JEUE,,,NULL,0,NULL,,NULL,0,NULL,NULL,NULL,NULL,8307JEUG,8307JEUJ,8307JEUI,8307JEUH,12,0,0,0,,False,NULL,,34.5,238VOQ9TW6LF77,,,,,,50051dd1-cc0d-446a-94fa-40261ecd0ff3,238VOQ9RSL4F,8109416f-bff8-4f7a-b97b-4393f36af508,238VMH164Z5F,187JIQKMR2Y8,,238VOQ9TW6LF,,,238VOPSEPRUE,,,8,0,NULL,,,NULL,0,0,,Bywater Door,0.8125,3,,,,,,,True,RPE - Buyout,,0,0,0,,,,1,,False,1,0,0,0,0,44,,,,False,0.75,NULL,1,0,,,2,0,0,NULL,45,,,NULL,NULL,NULL,NULL,,,,,,,,,,,,,,,,,,,3a25c6a0-0046-498b-a026-06af22cc1265
30.5,24,*1W7H9D801*,4,0,0,4,,NULL,,,,,30.5,24,False,,,,CAB EDGES PVC,,,,,,,CAB EDGES PVC,,,W7H9D901,W7H9D801,,,M:\Homestead_Library\Work Orders\(08-31)__Dev91_Test Ripping\B1\_PRODUCTION COACH\( 3_4 ) CBI - 55 Hard Rock Maple\W7H9D801.mpr,1,NULL,,NULL,0,NULL,NULL,NULL,NULL,07H9DA01,07H9DD01,07H9DC01,07H9DB01,0,0,0,0,,False,NULL,,30.5,238VOQ9Y3YGF1,,,,,,21C7J8B9BK110,,05aa63a2-4c14-4a96-a9a6-6c5eec58ba89|e5086a07-05ce-4ada-bda6-bedbdc9fc88b|8109416f-bff8-4f7a-b97b-4393f36af508|0816ab46-ad71-4fe2-804b-c804120d3a7f,238IN5IF9KNF,187JIQKMR2Y8,,238VOQ9Y3YGF,,,238VOPSEPRUE,,,1,0,NULL,,,NULL,0,0,,( 3_4 ) CBI - 55 Hard Rock Maple,0.765,2,Intermountain Wood Products,,,,,,True,Base Left Side,,0,0,0,,,,1,,False,1,0,0,-90,0,66,,,,False,0,NULL,1,0,,,1,0,0,NULL,24,W7H9D801,,0x010000006C000000C8FFFFFF0000000036040000F203000000000000000000007E8400005884000020454D4600000100A8430000A00200000200000000000000000000000000000080070000380400005602000050010000000000000000000000000000F01F0900802005002100000008000000620000000C00000001000000,NULL,NULL,NULL,,,,,,,,,,,,,,,,,,,37e48c5c-6c69-41fc-9bd7-06af22ccc6d6
30.5,24,*4W7H9D802*,3,18,0,4,,NULL,,,,,30.5,24,False,,,,CAB EDGES PVC,,,,,,,CAB EDGES PVC,,,W7H9D902,W7H9D802,,,M:\Homestead_Library\Work Orders\(08-31)__Dev91_Test Ripping\B1\_PRODUCTION COACH\( 3_4 ) CBI - 55 Hard Rock Maple\W7H9D802.mpr,1,NULL,,NULL,0,NULL,NULL,NULL,NULL,07H9DA02,07H9DD02,07H9DC02,07H9DB02,1,0,0,0,,False,NULL,,30.5,238VOQ9Y3YGF2,,,,,,21C7J8B9BK110,,05aa63a2-4c14-4a96-a9a6-6c5eec58ba89|e5086a07-05ce-4ada-bda6-bedbdc9fc88b|8109416f-bff8-4f7a-b97b-4393f36af508|0816ab46-ad71-4fe2-804b-c804120d3a7f,238IN5IF9KNF,187JIQKMR2Y8,,238VOQ9Y3YGF,,,238VOPSEPRUE,,,2M,0,NULL,,,NULL,0,0,,( 3_4 ) CBI - 55 Hard Rock Maple,0.765,2,Intermountain Wood Products,,,,,,True,Base Right Side,,0,0,0,,,,1,,False,1,0,0,-90,0,65,,,,False,0,NULL,1,0,,,1,0,0,NULL,24,W7H9D802,,0x010000006C000000E2FFFFFF0000000050040000F203000000000000000000007E8400005884000020454D4600000100183F0000740200000200000000000000000000000000000080070000380400005602000050010000000000000000000000000000F01F0900802005002100000008000000620000000C00000001000000,NULL,NULL,NULL,,,,,,,,,,,,,,,,,,,c7c39e61-5b9b-45dc-8eb5-06af22ccc8d7
84,25.5,NULL,3,0.75,0,0,,NULL,,,,,84,25.5,False,,,,,,,,,,,,,,W307JEUL,W307JEUK,,,NULL,0,NULL,,NULL,0,NULL,NULL,NULL,NULL,8307JEUM,8307JEUP,8307JEUO,8307JEUN,1,0,0,0,,False,NULL,,84,238VOQA9T93F51,,,,,,187VIK71BC9Y,238VOQA8PNMF,8109416f-bff8-4f7a-b97b-4393f36af508,238VMGYOSFAF,187JIQKMR2Y8,,238VOQA9T93F,,,238VOPSEPRUE,,,3M,0,NULL,,Use this on parts that need to be processed but nothing else.,NULL,1,0,,Drawing Only,0.75,3,,,,,,,True,Single Panel,,0,0,0,,,,1,,False,1,0,0,-90,360,68,,,,False,0,NULL,1,0,,,4,0,0,NULL,25.5,,,NULL,NULL,NULL,NULL,,,,,,,,,,,,,,,,,,,a2ceb598-35e3-4c93-8100-06af22ceef57
84,25.5,NULL,1,0.75000000000000022,0.75,0,,NULL,,,,,84,25.5,False,,,,,,,,,,,,,,W307JEUR,W307JEUQ,,,NULL,0,NULL,,NULL,0,NULL,NULL,NULL,NULL,8307JEUS,8307JEUV,8307JEUU,8307JEUT,2,0,0,0,,False,NULL,,84,238VOQA9T93F77,,,,,,50051dd1-cc0d-446a-94fa-40261ecd0ff3,238VOQA8PNMF,8109416f-bff8-4f7a-b97b-4393f36af508,238VMGYOSFAF,187JIQKMR2Y8,,238VOQA9T93F,,,238VOPSEPRUE,,,8,0,NULL,,,NULL,0,0,,Bywater Door,0.8125,3,,,,,,,True,RPE - Buyout,,0,0,0,,,,1,,False,1,0,0,0,0,67,,,,False,0.75,NULL,1,0,,,2,0,0,NULL,25.5,,,NULL,NULL,NULL,NULL,,,,,,,,,,,,,,,,,,,287eaaad-e7e8-42d8-8008-06af22cef956
96,3,NULL,4,0,0,0,,NULL,L,L,,,96,3,False,,,,,,,,,,,,,,W6K78L01,W6K78K01,,,NULL,1,NULL,,NULL,0,NULL,NULL,NULL,NULL,06K78M01,06K78P01,06K78O01,06K78N01,0,0,0,0,,False,NULL,,96,238VOQAC0UHF1,,,,,,21CRJOH0C2I10,,e5086a07-05ce-4ada-bda6-bedbdc9fc88b|8109416f-bff8-4f7a-b97b-4393f36af508|0816ab46-ad71-4fe2-804b-c804120d3a7f,231CK73HD4GF,187JIQKMR2Y8,,238VOQAC0UHF,,,238VOPSEPRUE,,,1,0,NULL,,,NULL,0,0,,( 3_4 ) WT - Alder Select,0.74,2,National Wood Products,,,,,,True,Subcrown Return,,0,0,0,,,,1,,False,1,0,180,0,180,72,,,,False,0,NULL,1,0,,,1,0,0,NULL,3,,,NULL,NULL,NULL,NULL,,,,,,,,,,,,,,,,,,,b6815d9d-d58b-4020-83b7-06af22cf65ed
96,3.1875,NULL,4,0,-3,0,,NULL,L,L,,,96,3.1875,False,,,,,,,,,,,,,,W6K78L05,W6K78K05,,,NULL,1,NULL,,NULL,0,NULL,NULL,NULL,NULL,06K78M05,06K78P05,06K78O05,06K78N05,1,0,0,0,,False,NULL,,96,238VOQAC0UHF5,,,,,,21CRJOH0C2I10,,e5086a07-05ce-4ada-bda6-bedbdc9fc88b|8109416f-bff8-4f7a-b97b-4393f36af508|0816ab46-ad71-4fe2-804b-c804120d3a7f,231CK73HD4GF,187JIQKMR2Y8,,238VOQAC0UHF,,,238VOPSEPRUE,,,8,0,NULL,,,NULL,0,0,,( 3_4 ) WT - Alder Select,0.74,2,National Wood Products,,,,,,True,Subcrown Face [NoDraw],,0,0,0,,,,1,,False,1,0,-90,0,180,71,,,,False,0,NULL,1,0,,,1,0,0,NULL,3.1875,,,NULL,NULL,NULL,NULL,,,,,,,,,,,,,,,,,,,781e500d-20ac-46b9-9d9f-06af22cf66ed
96,1.5,NULL,4,0,-3,0,,NULL,,,,,96,1.5,False,,,,,,,,,,,,,,W6K78L0U,W6K78K0U,,,NULL,0,NULL,,NULL,0,NULL,NULL,NULL,NULL,06K78M0U,06K78P0U,06K78O0U,06K78N0U,2,0,0,0,,False,NULL,,96,238VOQAC0UHF30,,,,,,187VIK71BC9Y,,8109416f-bff8-4f7a-b97b-4393f36af508,231CK73HD4GF,187JIQKMR2Y8,,238VOQAC0UHF,,,238VOPSEPRUE,,,8,0,NULL,,Use this on parts that need to be processed but nothing else.,NULL,1,0,,Drawing Only,0.75,3,,,,,,,True,Subcrown Face Drawing,,0,0,0,,,,1,,False,1,0,-90,0,180,70,,,,False,0.75,NULL,1,0,,,4,0,0,NULL,1.5,,,NULL,NULL,NULL,NULL,,,,,,,,,,,,,,,,,,,92dbb064-0815-4f6d-bb51-06af22cf6aed
120,3,NULL,4,0,-0.125,0.125,,NULL,L R,L R,,,120,3,False,,,,,,,,,,,,,,W6K79901,W6K79801,,,NULL,1,NULL,,NULL,0,NULL,NULL,NULL,NULL,06K79A01,06K79D01,06K79C01,06K79B01,0,0,0,0,,False,NULL,,120,238VOQAE7Y2F1,,,,,,21CRJ24L55X10,,8109416f-bff8-4f7a-b97b-4393f36af508,231CK6Y56O2F,187JIQKMR2Y8,,238VOQAE7Y2F,,,238VOPSEPRUE,,,1,0,NULL,,,NULL,0,0,,( 5 QTR Lumber ) - Alder - Select,1,3,National Wood Products,,,,,,True,Lightrail Return,,0,0,0,,,,1,,False,1,0,0,0,0,74,,,,False,0.875,NULL,1,0,,,9,0,0,NULL,3,,,NULL,NULL,NULL,NULL,,,,,,,,,,,,,,,,,,,870aa30a-b1a6-40dc-b8e8-06af22cfe769
120,1.5,NULL,4,0,-3,0,,NULL,L R,L R,,,120,1.5,False,,,,,,,,,,,,,,W6K79905,W6K79805,,,NULL,1,NULL,,NULL,0,NULL,NULL,NULL,NULL,06K79A05,06K79D05,06K79C05,06K79B05,1,0,0,0,,False,NULL,,120,238VOQAE7Y2F5,,,,,,21CRJ24L55X10,,8109416f-bff8-4f7a-b97b-4393f36af508,231CK6Y56O2F,187JIQKMR2Y8,,238VOQAE7Y2F,,,238VOPSEPRUE,,,8,0,NULL,,,NULL,0,0,,( 5 QTR Lumber ) - Alder - Select,1,3,National Wood Products,,,,,,True,Lightrail Face,,0,0,0,,,,1,,False,1,0,90,0,0,73,,,,False,0.875,NULL,1,0,,,9,0,0,NULL,1.5,,,NULL,NULL,NULL,NULL,,,,,,,,,,,,,,,,,,,a32f8fce-68d3-4ec5-b965-06af22d00357
96,3,NULL,4,0,0,0,,NULL,L,L,,,96,3,False,,,,,,,,,,,,,,W6K79R01,W6K79Q01,,,NULL,0,NULL,,NULL,0,NULL,NULL,NULL,NULL,06K79S01,06K79V01,06K79U01,06K79T01,0,0,0,0,,False,NULL,,96,238VOQAHF0SF1,,,,,,187VIK71BC9Y,,8109416f-bff8-4f7a-b97b-4393f36af508,231CK6YS31EF,187JIQKMR2Y8,,238VOQAHF0SF,,,238VOPSEPRUE,,,1,0,NULL,,Use this on parts that need to be processed but nothing else.,NULL,1,0,,Drawing Only,0.75,3,,,,,,,True,Lightrail Return,,0,0,0,,,,1,,False,1,0,0,0,0,77,,,,False,0,NULL,1,0,,,4,0,0,NULL,3,,,NULL,NULL,NULL,NULL,,,,,,,,,,,,,,,,,,,32c5dd59-75c9-47d0-9f5b-06af22d074fe
96,4.625,NULL,4,0,-3,0,,NULL,LF,LF,,,96,4.625,False,,,,EB - Wood Tape - Alder - 1.5mm,EB - Wood Tape - Alder - 1.5mm,,,,,EB - Wood Tape - Alder - 1.5mm,EB - Wood Tape - Alder - 1.5mm,,,W6K79R05,W6K79Q05,,,NULL,1,NULL,,NULL,0,NULL,NULL,NULL,NULL,06K79S05,06K79V05,06K79U05,06K79T05,1,0,0,0,,False,NULL,,96,238VOQAHF0SF5,,,,,,21CRJOH0C2I10,,e5086a07-05ce-4ada-bda6-bedbdc9fc88b|8109416f-bff8-4f7a-b97b-4393f36af508|0816ab46-ad71-4fe2-804b-c804120d3a7f,231CK6YS31EF,187JIQKMR2Y8,,238VOQAHF0SF,,,238VOPSEPRUE,,,8,0,NULL,,,NULL,0,0,,( 3_4 ) WT - Alder Select,0.74,2,National Wood Products,,,,,,True,Lightrail Face [NoDraw],,0,0,0,,,,1,,False,1,0,90,0,0,76,,,,False,0,NULL,1,0,,,1,0,0,NULL,4.625,,,NULL,NULL,NULL,NULL,,,,,,,,,,,,,,,,,,,ab803139-8829-4303-bbe3-06af22d075ff
16.47,23.11,NULL,1,0.765,-24,4,,NULL,,,,,16.47,23.11,False,,,,CAB EDGES PVC,,,,,,,CAB EDGES PVC,,,W7H9D903,W7H9D803,,,NULL,1,NULL,,NULL,0,NULL,NULL,NULL,NULL,07H9DA03,07H9DD03,07H9DC03,07H9DB03,2,0,0,0,,False,NULL,,16.47,238VOQ9Y3YGF3,,,,,,21C7J8B9BK110,,05aa63a2-4c14-4a96-a9a6-6c5eec58ba89|e5086a07-05ce-4ada-bda6-bedbdc9fc88b|8109416f-bff8-4f7a-b97b-4393f36af508|0816ab46-ad71-4fe2-804b-c804120d3a7f,238IN5IF9KNF,187JIQKMR2Y8,,238VOQ9Y3YGF,,,238VOPSEPRUE,,,2M,0,NULL,,,NULL,0,0,,( 3_4 ) CBI - 55 Hard Rock Maple,0.765,2,Intermountain Wood Products,,,,,,True,Base Bottom,,0,0,0,,,,1,,False,1,0,0,0,0,64,,,,False,0,NULL,1,0,,,1,0,0,NULL,23.11,,W7H9D903,NULL,NULL,0x010000006C00000000000000EBFFFFFFC503000053040000000000000000000001840000DC83000020454D4600000100F42A0000C40100000200000000000000000000000000000080070000380400005602000050010000000000000000000000000000F01F0900802005002100000008000000620000000C00000001000000,NULL,,,,,,,,,,,,,,,,,,,2a78f3c1-1c59-4c94-b67f-06af22ccca56
16.47,5.03937007874016,NULL,2,0.765,-24,34.5,,NULL,,,,,16.47,5.03937007874016,False,,,,CAB EDGES PVC,,,,,,,CAB EDGES PVC,,,W7H9D907,W7H9D807,,,NULL,1,NULL,,NULL,0,NULL,NULL,NULL,NULL,07H9DA07,07H9DD07,07H9DC07,07H9DB07,3,0,0,0,,False,NULL,,16.47,238VOQ9Y3YGF7,,,,,,21C7J8B9BK110,,e5086a07-05ce-4ada-bda6-bedbdc9fc88b|8109416f-bff8-4f7a-b97b-4393f36af508|0816ab46-ad71-4fe2-804b-c804120d3a7f,238IN5IF9KNF,187JIQKMR2Y8,,238VOQ9Y3YGF,,,238VOPSEPRUE,,,1,0,NULL,,,NULL,0,0,,( 3_4 ) CBI - 55 Hard Rock Maple,0.765,2,Intermountain Wood Products,,,,,,True,Base Front Stretcher,,0,0,0,,,,1,,False,1,0,0,0,0,63,,,,False,0,NULL,1,0,,,1,0,0,NULL,5.03937007874016,W7H9D807,,0x010000006C000000D4FFFFFF0000000026040000F00200000000000000000000D1810000AC81000020454D4600000100FC0F0000B10000000200000000000000000000000000000080070000380400005602000050010000000000000000000000000000F01F0900802005002100000008000000620000000C00000001000000,NULL,NULL,NULL,,,,,,,,,,,,,,,,,,,47c6fac3-5865-4738-ad0c-06af22cccbd7
16.47,5.03937007874016,NULL,4,0.765,-0.89,34.5,,NULL,,,,,16.47,5.03937007874016,False,,,,,,,,,,,,,,W7H9D908,W7H9D808,,,NULL,1,NULL,,NULL,0,NULL,NULL,NULL,NULL,07H9DA08,07H9DD08,07H9DC08,07H9DB08,4,0,0,0,,False,NULL,,16.47,238VOQ9Y3YGF8,,,,,,21C7J8B9BK110,,e5086a07-05ce-4ada-bda6-bedbdc9fc88b|8109416f-bff8-4f7a-b97b-4393f36af508|0816ab46-ad71-4fe2-804b-c804120d3a7f,238IN5IF9KNF,187JIQKMR2Y8,,238VOQ9Y3YGF,,,238VOPSEPRUE,,,1,0,NULL,,,NULL,0,0,,( 3_4 ) CBI - 55 Hard Rock Maple,0.765,2,Intermountain Wood Products,,,,,,True,Base Rear Stretcher,,0,0,0,,,,1,,False,1,0,0,0,0,62,,,,False,0,NULL,1,0,,,1,0,0,NULL,5.03937007874016,W7H9D808,,0x010000006C000000D4FFFFFF0000000026040000ED0200000000000000000000D1810000AC81000020454D4600000100F4100000BC0000000200000000000000000000000000000080070000380400005602000050010000000000000000000000000000F01F0900802005002100000008000000620000000C00000001000000,NULL,NULL,NULL,,,,,,,,,,,,,,,,,,,f53c5017-32bc-4e63-bc00-06af22cccfd7
30.5,16.97,NULL,3,0.515,-0.125,4,,NULL,,,,,30.5,16.97,False,,,,,,,,,,,,,,W7H9D90A,W7H9D80A,,,NULL,1,NULL,,NULL,0,NULL,NULL,NULL,NULL,07H9DA0A,07H9DD0A,07H9DC0A,07H9DB0A,5,0,0,0,,False,NULL,,30.5,238VOQ9Y3YGF10,,,,,,21C7J8B9BK110,,05aa63a2-4c14-4a96-a9a6-6c5eec58ba89|e5086a07-05ce-4ada-bda6-bedbdc9fc88b|8109416f-bff8-4f7a-b97b-4393f36af508|0816ab46-ad71-4fe2-804b-c804120d3a7f,238IN5IF9KNF,187JIQKMR2Y8,,238VOQ9Y3YGF,,,238VOPSEPRUE,,,4,0,NULL,,,NULL,0,0,,( 3_4 ) CBI - 55 Hard Rock Maple,0.765,2,Intermountain Wood Products,,,,,,True,Base Thick Back,,0,0,0,,,,1,,False,1,0,0,-90,90,61,,,,False,0,NULL,1,0,,,1,0,0,NULL,16.97,,W7H9D90A,NULL,NULL,0x010000006C000000D5FFFFFF0000000036040000730300000000000000000000468300002183000020454D4600000100D4160000F30000000200000000000000000000000000000080070000380400005602000050010000000000000000000000000000F01F0900802005002100000008000000620000000C00000001000000,NULL,,,,,,,,,,,,,,,,,,,360aa1c2-2317-4f62-a5bc-06af22ccd156
16.4075,22.7162992125984,NULL,3,0.79625,-0.89000000000000057,13.63995511811024,,NULL,LB,LB,,,16.4075,22.7162992125984,False,,,,EB - ESI 4469G (Kensington Maple) - 1mm,,,,,,,EB - ESI 4469G (Kensington Maple) - 1mm,,,W7H9DF01,W7H9DE01,,,NULL,1,NULL,,NULL,0,NULL,NULL,NULL,NULL,07H9DG01,07H9DJ01,07H9DI01,07H9DH01,6,0,0,0,,False,NULL,,16.4075,238VOQA07MXF1,,,,,,2f4382f3-ed33-4d11-8342-cf349c37e4e1,,e5086a07-05ce-4ada-bda6-bedbdc9fc88b|8109416f-bff8-4f7a-b97b-4393f36af508|0816ab46-ad71-4fe2-804b-c804120d3a7f,238IN5IF9KNF,187JIQKMR2Y8,,238VOQA07MXF,,,238VOPSEPRUE,,,1,0,NULL,,Melamine,NULL,1,0,,( 3_4 ) Melamine 2S  SEND TO SPECIALTY,0.765,2,,,,,,,True,Base Adj Shelf,,0,0,0,,,,1,,False,1,0,0,0,0,60,,,,False,0,NULL,1,0,,,1,24,0,NULL,22.7162992125984,,,NULL,NULL,NULL,NULL,,,,,,,,,,,,,,,,,,,c81545ae-7fee-4b28-a4f5-06af22cd27f6
16.4075,22.7162992125984,NULL,3,0.79625,-0.89000000000000057,22.4585551181102,,NULL,LB,LB,,,16.4075,22.7162992125984,False,,,,EB - ESI 4469G (Kensington Maple) - 1mm,,,,,,,EB - ESI 4469G (Kensington Maple) - 1mm,,,W7H9DF02,W7H9DE02,,,NULL,1,NULL,,NULL,0,NULL,NULL,NULL,NULL,07H9DG02,07H9DJ02,07H9DI02,07H9DH02,7,0,0,0,,False,NULL,,16.4075,238VOQA07MXF2,,,,,,2f4382f3-ed33-4d11-8342-cf349c37e4e1,,e5086a07-05ce-4ada-bda6-bedbdc9fc88b|8109416f-bff8-4f7a-b97b-4393f36af508|0816ab46-ad71-4fe2-804b-c804120d3a7f,238IN5IF9KNF,187JIQKMR2Y8,,238VOQA07MXF,,,238VOPSEPRUE,,,1,0,NULL,,Melamine,NULL,1,0,,( 3_4 ) Melamine 2S  SEND TO SPECIALTY,0.765,2,,,,,,,True,Base Adj Shelf,,0,0,0,,,,1,,False,1,0,0,0,0,59,,,,False,0,NULL,1,0,,,1,24,0,NULL,22.7162992125984,,,NULL,NULL,NULL,NULL,,,,,,,,,,,,,,,,,,,b45f24af-c1fb-4491-8707-06af22cd2976
16.4075,3.1875,NULL,1,0.79625,-23.606299212598426,14.404955118110241,,NULL,LB,LB,,,16.4075,3.1875,False,,,,EB - ESI 4469G (Kensington Maple) - 1mm,EB - ESI 4469G (Kensington Maple) - 1mm,,,,,EB - ESI 4469G (Kensington Maple) - 1mm,EB - ESI 4469G (Kensington Maple) - 1mm,,,W7H9DF1L,W7H9DE1L,,,NULL,1,NULL,,NULL,0,NULL,NULL,NULL,NULL,07H9DG1L,07H9DJ1L,07H9DI1L,07H9DH1L,10,0,0,0,,False,NULL,,16.4075,238VOQA07MXF57,,,,,,2f4382f3-ed33-4d11-8342-cf349c37e4e1,,e5086a07-05ce-4ada-bda6-bedbdc9fc88b|8109416f-bff8-4f7a-b97b-4393f36af508|0816ab46-ad71-4fe2-804b-c804120d3a7f,238IN5IF9KNF,187JIQKMR2Y8,,238VOQA07MXF,,,238VOPSEPRUE,,,1,0,NULL,,Melamine,NULL,1,0,,( 3_4 ) Melamine 2S  SEND TO SPECIALTY,0.765,2,,,,,,,True,Adjustable Shelf Nosing [NoDraw],,0,0,0,,,,1,,False,1,0,-90,0,0,58,,,,False,0,NULL,1,0,,,1,24,0,NULL,3.1875,,,NULL,NULL,NULL,NULL,,,,,,,,,,,,,,,,,,,8bda9d22-c4d4-48d7-ac67-06af22cd33f6
30.25,17.875,NULL,3,0.0625,-24.125,4,,NULL,,,,,30.25,17.875,False,,,,,,,,,,,,,,W7H9DR0B,W7H9DQ0B,,,NULL,0,NULL,,NULL,0,NULL,NULL,NULL,NULL,07H9DS0B,07H9DV0B,07H9DU0B,07H9DT0B,15,0,0,0,,False,NULL,,30.25,238VOQA4EW4F11,,,,,,50051dd1-cc0d-446a-94fa-40261ecd0ff3,,8109416f-bff8-4f7a-b97b-4393f36af508,238IN5IF9KNF,187JIQKMR2Y8,,238VOQA4EW4F,,,238VOPSEPRUE,,,3M,0,NULL,,,NULL,0,0,,Bywater Door,0.8125,3,,,,,,,True,Door Base Slab - Buyout,,0,0,0,,,,1,,False,1,0,0,-90,90,57,,,,False,0.74,NULL,1,0,,,2,0,0,NULL,17.875,,,NULL,NULL,NULL,NULL,,,,,,,,,,,,,,,,,,,5906bdd1-95a8-4698-aa66-06af22cdf5f5
84,5,NULL,4,0,-25.5,0,,NULL,L R,L R,,,84,5,False,,,,,,,,,,,,,,W7J8HR05,W7J8HQ05,,,NULL,1,NULL,,NULL,0,NULL,NULL,NULL,NULL,07J8HS05,07J8HV05,07J8HU05,07J8HT05,0,0,0,0,,False,NULL,,84,238VOQA8PNMF5,,,,,,21CRJ1MN55T10,,8109416f-bff8-4f7a-b97b-4393f36af508,238VMGYOSFAF,187JIQKMR2Y8,,238VOQA8PNMF,,,238VOPSEPRUE,,,8,0,NULL,,,NULL,0,0,,( 4 QTR Lumber ) - Alder - Select,0.75,3,National Wood Products,,,,,,True,L-Panel Hardwood Nosing,,0,0,0,,,,1,,False,1,0,0,-90,90,69,,,,False,0.75,NULL,1,0,,,9,0,0,NULL,5,,,NULL,NULL,NULL,NULL,,,,,,,,,,,,,,,,,,,abf6dc89-db04-4e4d-bea2-06af22ce91ad
96,1.5,NULL,4,0,-3,0,,NULL,,,,,96,1.5,False,,,,,,,,,,,,,,W6K79R0U,W6K79Q0U,,,NULL,0,NULL,,NULL,0,NULL,NULL,NULL,NULL,06K79S0U,06K79V0U,06K79U0U,06K79T0U,2,0,0,0,,False,NULL,,96,238VOQAHF0SF30,,,,,,187VIK71BC9Y,,8109416f-bff8-4f7a-b97b-4393f36af508,231CK6YS31EF,187JIQKMR2Y8,,238VOQAHF0SF,,,238VOPSEPRUE,,,8,0,NULL,,Use this on parts that need to be processed but nothing else.,NULL,1,0,,Drawing Only,0.75,3,,,,,,,True,Lightrail Face Drawing,,0,0,0,,,,1,,False,1,0,90,0,0,75,,,,False,0.75,NULL,1,0,,,4,0,0,NULL,1.5,,,NULL,NULL,NULL,NULL,,,,,,,,,,,,,,,,,,,c0c583e0-b06b-4131-98a5-06af22d079ff
120,3,NULL,4,0,-0.125,0.125,,NULL,L R,L R,,,120,3,False,,,,,,,,,,,,,,W6K78R01,W6K78Q01,,,NULL,1,NULL,,NULL,0,NULL,NULL,NULL,NULL,06K78S01,06K78V01,06K78U01,06K78T01,0,0,0,0,,False,NULL,,120,238VOQAJM47F1,,,,,,21CRJ24L55X10,,8109416f-bff8-4f7a-b97b-4393f36af508,231CK6XHAASF,187JIQKMR2Y8,,238VOQAJM47F,,,238VOPSEPRUE,,,1,0,NULL,,,NULL,0,0,,( 5 QTR Lumber ) - Alder - Select,1,3,National Wood Products,,,,,,True,Lightrail Return,,0,0,0,,,,1,,False,1,0,0,0,0,79,,,,False,0.875,NULL,1,0,,,9,0,0,NULL,3,,,NULL,NULL,NULL,NULL,,,,,,,,,,,,,,,,,,,38d07c21-a1e4-4198-944c-06af22d0e2a3
120,1.5,NULL,4,0,-3,0,,NULL,L R,L R,,,120,1.5,False,,,,,,,,,,,,,,W6K78R05,W6K78Q05,,,NULL,1,NULL,,NULL,0,NULL,NULL,NULL,NULL,06K78S05,06K78V05,06K78U05,06K78T05,1,0,0,0,,False,NULL,,120,238VOQAJM47F5,,,,,,21CRJ24L55X10,,8109416f-bff8-4f7a-b97b-4393f36af508,231CK6XHAASF,187JIQKMR2Y8,,238VOQAJM47F,,,238VOPSEPRUE,,,8,0,NULL,,,NULL,0,0,,( 5 QTR Lumber ) - Alder - Select,1,3,National Wood Products,,,,,,True,Lightrail Face,,0,0,0,,,,1,,False,1,0,90,0,0,78,,,,False,0.875,NULL,1,0,,,9,0,0,NULL,1.5,,,NULL,NULL,NULL,NULL,,,,,,,,,,,,,,,,,,,5fffc27c-02d0-4368-90c6-06af22d0fd6d
96,3,NULL,4,0,0,0,,NULL,L,L,,,96,3,False,,,,,,,,,,,,,,W6K79301,W6K79201,,,NULL,0,NULL,,NULL,0,NULL,NULL,NULL,NULL,06K79401,06K79701,06K79601,06K79501,0,0,0,0,,False,NULL,,96,238VOQAMT6XF1,,,,,,187VIK71BC9Y,,8109416f-bff8-4f7a-b97b-4393f36af508,231CK6VZHJGF,187JIQKMR2Y8,,238VOQAMT6XF,,,238VOPSEPRUE,,,1,0,NULL,,Use this on parts that need to be processed but nothing else.,NULL,1,0,,Drawing Only,0.75,3,,,,,,,True,Lightrail Return,,0,0,0,,,,1,,False,1,0,0,0,0,82,,,,False,0,NULL,1,0,,,4,0,0,NULL,3,,,NULL,NULL,NULL,NULL,,,,,,,,,,,,,,,,,,,5c27eabe-f7a2-4d18-861a-06af22d1700f
96,4.625,NULL,4,0,-3,0,,NULL,LF,LF,,,96,4.625,False,,,,EB - Wood Tape - Alder - 1.5mm,EB - Wood Tape - Alder - 1.5mm,,,,,EB - Wood Tape - Alder - 1.5mm,EB - Wood Tape - Alder - 1.5mm,,,W6K79305,W6K79205,,,NULL,1,NULL,,NULL,0,NULL,NULL,NULL,NULL,06K79405,06K79705,06K79605,06K79505,1,0,0,0,,False,NULL,,96,238VOQAMT6XF5,,,,,,21CRJOH0C2I10,,e5086a07-05ce-4ada-bda6-bedbdc9fc88b|8109416f-bff8-4f7a-b97b-4393f36af508|0816ab46-ad71-4fe2-804b-c804120d3a7f,231CK6VZHJGF,187JIQKMR2Y8,,238VOQAMT6XF,,,238VOPSEPRUE,,,8,0,NULL,,,NULL,0,0,,( 3_4 ) WT - Alder Select,0.74,2,National Wood Products,,,,,,True,Lightrail Face [NoDraw],,0,0,0,,,,1,,False,1,0,90,0,0,81,,,,False,0,NULL,1,0,,,1,0,0,NULL,4.625,,,NULL,NULL,NULL,NULL,,,,,,,,,,,,,,,,,,,34c0edcf-391e-475f-b70b-06af22d17110
96,1.5,NULL,4,0,-3,0,,NULL,,,,,96,1.5,False,,,,,,,,,,,,,,W6K7930U,W6K7920U,,,NULL,0,NULL,,NULL,0,NULL,NULL,NULL,NULL,06K7940U,06K7970U,06K7960U,06K7950U,2,0,0,0,,False,NULL,,96,238VOQAMT6XF30,,,,,,187VIK71BC9Y,,8109416f-bff8-4f7a-b97b-4393f36af508,231CK6VZHJGF,187JIQKMR2Y8,,238VOQAMT6XF,,,238VOPSEPRUE,,,8,0,NULL,,Use this on parts that need to be processed but nothing else.,NULL,1,0,,Drawing Only,0.75,3,,,,,,,True,Lightrail Face Drawing,,0,0,0,,,,1,,False,1,0,90,0,0,80,,,,False,0.75,NULL,1,0,,,4,0,0,NULL,1.5,,,NULL,NULL,NULL,NULL,,,,,,,,,,,,,,,,,,,bcd2b692-01ae-451e-8582-06af22d17510
96,3,NULL,4,0,0,0,,NULL,L,L,,,96,3,False,,,,,,,,,,,,,,W6K78X01,W6K78W01,,,NULL,1,NULL,,NULL,0,NULL,NULL,NULL,NULL,06K78Y01,06K79101,06K79001,06K78Z01,0,0,0,0,,False,NULL,,96,238VOQAO0SJF1,,,,,,21CRJOH0C2I10,,e5086a07-05ce-4ada-bda6-bedbdc9fc88b|8109416f-bff8-4f7a-b97b-4393f36af508|0816ab46-ad71-4fe2-804b-c804120d3a7f,231CK6WQDWRF,187JIQKMR2Y8,,238VOQAO0SJF,,,238VOPSEPRUE,,,1,0,NULL,,,NULL,0,0,,( 3_4 ) WT - Alder Select,0.74,2,National Wood Products,,,,,,True,Subcrown Return,,0,0,0,,,,1,,False,1,0,180,0,180,85,,,,False,0,NULL,1,0,,,1,0,0,NULL,3,,,NULL,NULL,NULL,NULL,,,,,,,,,,,,,,,,,,,56621ed3-fec4-4294-8477-06af22d1dcc8
96,6,NULL,4,0,-3,0,,NULL,L,L,,,96,6,False,,,,,,,,,,,,,,W6K78X05,W6K78W05,,,NULL,1,NULL,,NULL,0,NULL,NULL,NULL,NULL,06K78Y05,06K79105,06K79005,06K78Z05,1,0,0,0,,False,NULL,,96,238VOQAO0SJF5,,,,,,21CRJOH0C2I10,,e5086a07-05ce-4ada-bda6-bedbdc9fc88b|8109416f-bff8-4f7a-b97b-4393f36af508|0816ab46-ad71-4fe2-804b-c804120d3a7f,231CK6WQDWRF,187JIQKMR2Y8,,238VOQAO0SJF,,,238VOPSEPRUE,,,8,0,NULL,,,NULL,0,0,,( 3_4 ) WT - Alder Select,0.74,2,National Wood Products,,,,,,True,Subcrown Face,,0,0,0,,,,1,,False,1,0,-90,0,180,84,,,,False,0,NULL,1,0,,,1,0,0,NULL,6,,,NULL,NULL,NULL,NULL,,,,,,,,,,,,,,,,,,,eff50c49-baeb-420d-8cfa-06af22d1de49
96,6,NULL,4,0,-3,0,,NULL,,,,,96,6,False,,,,,,,,,,,,,,W6K78X0U,W6K78W0U,,,NULL,0,NULL,,NULL,0,NULL,NULL,NULL,NULL,06K78Y0U,06K7910U,06K7900U,06K78Z0U,2,0,0,0,,False,NULL,,96,238VOQAO0SJF30,,,,,,187VIK71BC9Y,,8109416f-bff8-4f7a-b97b-4393f36af508,231CK6WQDWRF,187JIQKMR2Y8,,238VOQAO0SJF,,,238VOPSEPRUE,,,8,0,NULL,,Use this on parts that need to be processed but nothing else.,NULL,1,0,,Drawing Only,0.75,3,,,,,,,True,Subcrown Face Drawing,,0,0,0,,,,1,,False,1,0,-90,0,180,83,,,,False,0.75,NULL,1,0,,,4,0,0,NULL,6,,,NULL,NULL,NULL,NULL,,,,,,,,,,,,,,,,,,,bc4234ea-17bf-49fb-8e7c-06af22d1e149
96,3,NULL,4,0,0,0,,NULL,L,L,,,96,3,False,,,,,,,,,,,,,,W6K79L01,W6K79K01,,,NULL,0,NULL,,NULL,0,NULL,NULL,NULL,NULL,06K79M01,06K79P01,06K79O01,06K79N01,0,0,0,0,,False,NULL,,96,238VOQAR7W4F1,,,,,,187VIK71BC9Y,,8109416f-bff8-4f7a-b97b-4393f36af508,231CK6ZGYW9F,187JIQKMR2Y8,,238VOQAR7W4F,,,238VOPSEPRUE,,,1,0,NULL,,Use this on parts that need to be processed but nothing else.,NULL,1,0,,Drawing Only,0.75,3,,,,,,,True,Lightrail Return,,0,0,0,,,,1,,False,1,0,0,0,0,88,,,,False,0,NULL,1,0,,,4,0,0,NULL,3,,,NULL,NULL,NULL,NULL,,,,,,,,,,,,,,,,,,,449934ef-3b91-4440-89d5-06af22d24712
96,4.625,NULL,4,0,-3,0,,NULL,LF,LF,,,96,4.625,False,,,,EB - Wood Tape - Alder - 1.5mm,EB - Wood Tape - Alder - 1.5mm,,,,,EB - Wood Tape - Alder - 1.5mm,EB - Wood Tape - Alder - 1.5mm,,,W6K79L05,W6K79K05,,,NULL,1,NULL,,NULL,0,NULL,NULL,NULL,NULL,06K79M05,06K79P05,06K79O05,06K79N05,1,0,0,0,,False,NULL,,96,238VOQAR7W4F5,,,,,,21CRJOH0C2I10,,e5086a07-05ce-4ada-bda6-bedbdc9fc88b|8109416f-bff8-4f7a-b97b-4393f36af508|0816ab46-ad71-4fe2-804b-c804120d3a7f,231CK6ZGYW9F,187JIQKMR2Y8,,238VOQAR7W4F,,,238VOPSEPRUE,,,8,0,NULL,,,NULL,0,0,,( 3_4 ) WT - Alder Select,0.74,2,National Wood Products,,,,,,True,Lightrail Face [NoDraw],,0,0,0,,,,1,,False,1,0,90,0,0,87,,,,False,0,NULL,1,0,,,1,0,0,NULL,4.625,,,NULL,NULL,NULL,NULL,,,,,,,,,,,,,,,,,,,88f04efa-efb1-4c58-b9a7-06af22d24812
96,1.5,NULL,4,0,-3,0,,NULL,,,,,96,1.5,False,,,,,,,,,,,,,,W6K79L0U,W6K79K0U,,,NULL,0,NULL,,NULL,0,NULL,NULL,NULL,NULL,06K79M0U,06K79P0U,06K79O0U,06K79N0U,2,0,0,0,,False,NULL,,96,238VOQAR7W4F30,,,,,,187VIK71BC9Y,,8109416f-bff8-4f7a-b97b-4393f36af508,231CK6ZGYW9F,187JIQKMR2Y8,,238VOQAR7W4F,,,238VOPSEPRUE,,,8,0,NULL,,Use this on parts that need to be processed but nothing else.,NULL,1,0,,Drawing Only,0.75,3,,,,,,,True,Lightrail Face Drawing,,0,0,0,,,,1,,False,1,0,90,0,0,86,,,,False,0.75,NULL,1,0,,,4,0,0,NULL,1.5,,,NULL,NULL,NULL,NULL,,,,,,,,,,,,,,,,,,,982b5bbb-4fba-446d-8c38-06af22d24c92
120,3,NULL,4,0,0,0,,NULL,L R,L R,,,120,3,False,,,,,,,,,,,,,,W6K76L01,W6K76K01,,,NULL,1,NULL,,NULL,0,NULL,NULL,NULL,NULL,06K76M01,06K76P01,06K76O01,06K76N01,0,0,0,0,,False,NULL,,120,238VOQATEZJF1,,,,,,21CRJ1MN55T10,,8109416f-bff8-4f7a-b97b-4393f36af508,231CK726KDQF,187JIQKMR2Y8,,238VOQATEZJF,,,238VOPSEPRUE,,,1,0,NULL,,,NULL,0,0,,( 4 QTR Lumber ) - Alder - Select,0.75,3,National Wood Products,,,,,,True,Subcrown Return,,0,0,0,,,,1,,False,1,0,180,0,180,90,,,,False,0,NULL,1,0,,,9,0,0,NULL,3,,,NULL,NULL,NULL,NULL,,,,,,,,,,,,,,,,,,,cc3e4799-c375-40e7-bfd3-06af22d2b3b6
120,1.5,NULL,4,0,-3,0,,NULL,L R,L R,,,120,1.5,False,,,,,,,,,,,,,,W6K76L05,W6K76K05,,,NULL,1,NULL,,NULL,0,NULL,NULL,NULL,NULL,06K76M05,06K76P05,06K76O05,06K76N05,1,0,0,0,,False,NULL,,120,238VOQATEZJF5,,,,,,21CRJ1MN55T10,,8109416f-bff8-4f7a-b97b-4393f36af508,231CK726KDQF,187JIQKMR2Y8,,238VOQATEZJF,,,238VOPSEPRUE,,,8,0,NULL,,,NULL,0,0,,( 4 QTR Lumber ) - Alder - Select,0.75,3,National Wood Products,,,,,,True,Subcrown Face,,0,0,0,,,,1,,False,1,0,-90,0,180,89,,,,False,0.75,NULL,1,0,,,9,0,0,NULL,1.5,,,NULL,NULL,NULL,NULL,,,,,,,,,,,,,,,,,,,f41d9936-3993-4ac5-a82c-06af22d2d380
120,3,NULL,4,0,0,0,,NULL,L R,L R,,,120,3,False,,,,,,,,,,,,,,W6K77301,W6K77201,,,NULL,1,NULL,,NULL,0,NULL,NULL,NULL,NULL,06K77401,06K77701,06K77601,06K77501,0,0,0,0,,False,NULL,,120,238VOQAWM29F1,,,,,,21CRJ1MN55T10,,8109416f-bff8-4f7a-b97b-4393f36af508,231CK72TGR2F,187JIQKMR2Y8,,238VOQAWM29F,,,238VOPSEPRUE,,,1,0,NULL,,,NULL,0,0,,( 4 QTR Lumber ) - Alder - Select,0.75,3,National Wood Products,,,,,,True,Subcrown Return,,0,0,0,,,,1,,False,1,0,180,0,180,92,,,,False,0,NULL,3,0,,,9,0,0,NULL,3,,,NULL,NULL,NULL,NULL,,,,,,,,,,,,,,,,,,,b4e79ce9-d76a-46ec-86cf-06af22d34356
120,1.5,NULL,4,0,-3,0,,NULL,L R,L R,,,120,1.5,False,,,,,,,,,,,,,,W6K77305,W6K77205,,,NULL,1,NULL,,NULL,0,NULL,NULL,NULL,NULL,06K77405,06K77705,06K77605,06K77505,1,0,0,0,,False,NULL,,120,238VOQAWM29F5,,,,,,21CRJ1MN55T10,,8109416f-bff8-4f7a-b97b-4393f36af508,231CK72TGR2F,187JIQKMR2Y8,,238VOQAWM29F,,,238VOPSEPRUE,,,8,0,NULL,,,NULL,0,0,,( 4 QTR Lumber ) - Alder - Select,0.75,3,National Wood Products,,,,,,True,Subcrown Face,,0,0,0,,,,1,,False,1,0,-90,0,180,91,,,,False,0.75,NULL,3,0,,,9,0,0,NULL,1.5,,,NULL,NULL,NULL,NULL,,,,,,,,,,,,,,,,,,,2683c7a2-62f6-4014-9756-06af22d362ca
120,3,NULL,4,0,-0.125,-0.125,,NULL,L R,L R,,,120,3,False,,,,,,,,,,,,,,W6K76R01,W6K76Q01,,,NULL,1,NULL,,NULL,0,NULL,NULL,NULL,NULL,06K76S01,06K76V01,06K76U01,06K76T01,0,0,0,0,,False,NULL,,120,238VOQAZT4ZF1,,,,,,21CRJ24L55X10,,8109416f-bff8-4f7a-b97b-4393f36af508,231CK71IO04F,187JIQKMR2Y8,,238VOQAZT4ZF,,,238VOPSEPRUE,,,1,0,NULL,,,NULL,0,0,,( 5 QTR Lumber ) - Alder - Select,1,3,National Wood Products,,,,,,True,Subcrown Return,,0,0,0,,,,1,,False,1,0,180,0,180,94,,,,False,0.875,NULL,2,0,,,9,0,0,NULL,3,,,NULL,NULL,NULL,NULL,,,,,,,,,,,,,,,,,,,bfe1f28c-17f2-45e7-bdb5-06af22d3d49a
120,1.5,NULL,4,0,-3,0,,NULL,L R,L R,,,120,1.5,False,,,,,,,,,,,,,,W6K76R05,W6K76Q05,,,NULL,1,NULL,,NULL,0,NULL,NULL,NULL,NULL,06K76S05,06K76V05,06K76U05,06K76T05,1,0,0,0,,False,NULL,,120,238VOQAZT4ZF5,,,,,,21CRJ24L55X10,,8109416f-bff8-4f7a-b97b-4393f36af508,231CK71IO04F,187JIQKMR2Y8,,238VOQAZT4ZF,,,238VOPSEPRUE,,,8,0,NULL,,,NULL,0,0,,( 5 QTR Lumber ) - Alder - Select,1,3,National Wood Products,,,,,,True,Subcrown Face,,0,0,0,,,,1,,False,1,0,-90,0,180,93,,,,False,0.875,NULL,2,0,,,9,0,0,NULL,1.5,,,NULL,NULL,NULL,NULL,,,,,,,,,,,,,,,,,,,c90a7be5-d123-41dc-bcde-06af22d3f44f
96,3,NULL,4,0,0,0,,NULL,L,L,,,96,3,False,,,,,,,,,,,,,,W6K79F01,W6K79E01,,,NULL,0,NULL,,NULL,0,NULL,NULL,NULL,NULL,06K79G01,06K79J01,06K79I01,06K79H01,0,0,0,0,,False,NULL,,96,238VOQB10PWF1,,,,,,187VIK71BC9Y,,8109416f-bff8-4f7a-b97b-4393f36af508,231CK704V9DF,187JIQKMR2Y8,,238VOQB10PWF,,,238VOPSEPRUE,,,1,0,NULL,,Use this on parts that need to be processed but nothing else.,NULL,1,0,,Drawing Only,0.75,3,,,,,,,True,Lightrail Return,,0,0,0,,,,1,,False,1,0,0,0,0,97,,,,False,0,NULL,1,0,,,4,0,0,NULL,3,,,NULL,NULL,NULL,NULL,,,,,,,,,,,,,,,,,,,979d3bc7-6427-4521-9310-06af22d46744
96,4.625,NULL,4,0,-3,0,,NULL,LF,LF,,,96,4.625,False,,,,EB - Wood Tape - Alder - 1.5mm,EB - Wood Tape - Alder - 1.5mm,,,,,EB - Wood Tape - Alder - 1.5mm,EB - Wood Tape - Alder - 1.5mm,,,W6K79F05,W6K79E05,,,NULL,1,NULL,,NULL,0,NULL,NULL,NULL,NULL,06K79G05,06K79J05,06K79I05,06K79H05,1,0,0,0,,False,NULL,,96,238VOQB10PWF5,,,,,,21CRJOH0C2I10,,e5086a07-05ce-4ada-bda6-bedbdc9fc88b|8109416f-bff8-4f7a-b97b-4393f36af508|0816ab46-ad71-4fe2-804b-c804120d3a7f,231CK704V9DF,187JIQKMR2Y8,,238VOQB10PWF,,,238VOPSEPRUE,,,8,0,NULL,,,NULL,0,0,,( 3_4 ) WT - Alder Select,0.74,2,National Wood Products,,,,,,True,Lightrail Face [NoDraw],,0,0,0,,,,1,,False,1,0,90,0,0,96,,,,False,0,NULL,1,0,,,1,0,0,NULL,4.625,,,NULL,NULL,NULL,NULL,,,,,,,,,,,,,,,,,,,cd78e311-f87b-4a25-8cf1-06af22d46843
96,1.5,NULL,4,0,-3,0,,NULL,,,,,96,1.5,False,,,,,,,,,,,,,,W6K79F0U,W6K79E0U,,,NULL,0,NULL,,NULL,0,NULL,NULL,NULL,NULL,06K79G0U,06K79J0U,06K79I0U,06K79H0U,2,0,0,0,,False,NULL,,96,238VOQB10PWF30,,,,,,187VIK71BC9Y,,8109416f-bff8-4f7a-b97b-4393f36af508,231CK704V9DF,187JIQKMR2Y8,,238VOQB10PWF,,,238VOPSEPRUE,,,8,0,NULL,,Use this on parts that need to be processed but nothing else.,NULL,1,0,,Drawing Only,0.75,3,,,,,,,True,Lightrail Face Drawing,,0,0,0,,,,1,,False,1,0,90,0,0,95,,,,False,0.75,NULL,1,0,,,4,0,0,NULL,1.5,,,NULL,NULL,NULL,NULL,,,,,,,,,,,,,,,,,,,af9fdc7b-d5f2-4ef2-893c-06af22d46cc3
120,3,NULL,4,0,-0.125,-0.125,,NULL,L R,L R,,,120,3,False,,,,,,,,,,,,,,W6K76X01,W6K76W01,,,NULL,1,NULL,,NULL,0,NULL,NULL,NULL,NULL,06K76Y01,06K77101,06K77001,06K76Z01,0,0,0,0,,False,NULL,,120,238VOQB47TBF1,,,,,,21CRJ24L55X10,,8109416f-bff8-4f7a-b97b-4393f36af508,231CK70RRMKF,187JIQKMR2Y8,,238VOQB47TBF,,,238VOPSEPRUE,,,1,0,NULL,,,NULL,0,0,,( 5 QTR Lumber ) - Alder - Select,1,3,National Wood Products,,,,,,True,Subcrown Return,,0,0,0,,,,1,,False,1,0,180,0,180,99,,,,False,0.875,NULL,1,0,,,9,0,0,NULL,3,,,NULL,NULL,NULL,NULL,,,,,,,,,,,,,,,,,,,60533992-8d7a-4101-8ad0-06af22d4e819
120,1.5,NULL,4,0,-3,0,,NULL,L R,L R,,,120,1.5,False,,,,,,,,,,,,,,W6K76X05,W6K76W05,,,NULL,1,NULL,,NULL,0,NULL,NULL,NULL,NULL,06K76Y05,06K77105,06K77005,06K76Z05,1,0,0,0,,False,NULL,,120,238VOQB47TBF5,,,,,,21CRJ24L55X10,,8109416f-bff8-4f7a-b97b-4393f36af508,231CK70RRMKF,187JIQKMR2Y8,,238VOQB47TBF,,,238VOPSEPRUE,,,8,0,NULL,,,NULL,0,0,,( 5 QTR Lumber ) - Alder - Select,1,3,National Wood Products,,,,,,True,Subcrown Face,,0,0,0,,,,1,,False,1,0,-90,0,180,98,,,,False,0.875,NULL,1,0,,,9,0,0,NULL,1.5,,,NULL,NULL,NULL,NULL,,,,,,,,,,,,,,,,,,,58dc646f-cc5b-4513-b1c6-06af22d50c34
